Workbook

Sheet Capa
F3: PROGRAMA DE EXCELÊNCIA OPERACIONAL NO TRANSPORTE AÉREO E MARÍTIMO
F8: LISTA DE VERIFICAÇÃO PEOTRAM - CICLO 2024 | N8: Versão 01
B11: Empresa (base/data): | M11: Data:
B13: Embarcação (Indicação Petrobras): | M13: Data:
B15: Embarcação (Indicação Petrobras): | M15: Data:
D17: Escopo:
D21: Resumo das operações:
D25: Observações:
D29: Auditores:
D32: Auditados:

Sheet Sumário
B2: SUMÁRIO EXECUTIVO: PONTOS FORTES DA EMPRESA: Informar quais foram os pontos fortes verificados na auditoria (tanto na base quanto na embarcação), e que contribuíram para um encaminhamento apropriado da auditoria ou que se apresentou como um destaque da empresa. RESUMO DA AUDITORIA: Informar como está a empresa nos elementos que foram auditados e dar um diagnóstico com um panorama geral de como pode se avaliar a empresa dentro deste programa de excelência (fraquezas, ameaças, oportunidades de melhoria, estrutura geral da empresa, cultura de segurança desenvolvida, e outros que acharem interessante aqui destacar).

Sheet Critério
B3: Critério de aplicação da nota de desempenho:
Q4: Percentual para cálculo
B5: N/A | C5: Não Aplicável; Não avaliado;
B6: 0 | C6: Não Evidenciado ou Não Implantado; | Q6: 0 | R6: 0
B7: 1 | C7: Evidenciado implementação com Falhas Sistemáticas ou Falhas Críticas ou Em implementação; | Q7: 1 | R7: 0.2
B8: 2 | C8: Evidenciado implementação com Falhas Pontuais; | Q8: 2 | R8: 0.5
B9: 3 | C9: Evidenciado implementação sem Falhas. | Q9: 3 | R9: 0.9
B10: 4 | C10: Evidenciadas ações e/ou boas práticas que vão além do requerido | Q10: 4 | R10: 1
B12: Classificação de criticidade das não conformidades (CNC) e prazo para implementação das ações corretivas:
B14: N/A | C14: Não Aplicável;
B15: A | C15: Crítica - Não conformidade crítica - Tomada de ação imediata para a redução do risco. Em caso de verificação de NC CRÍTICA por parte dos auditores, esta deverá ser informada imediatamente à Coordenação do PEOTRAM que avaliará qual encaminhamento a ser dado. Após a informação da NC confirmada (já na auditoria de base ou na auditoria da embarcação), deverá ser dado o tratamento das causas básicas da não conformidade no sistema BROA, com ações não podem ultrapassar 10 (dez) dias corridos da informação da NC, salvo justificativa e aprovação da Petrobras. OBS.: a eficácia das ações serão avaliadas no fechamento da pendência no sistema BROA e também no próximo ciclo de auditoria.
B16: B | C16: Grave - Não conformidade grave - Tomada de ação imediata para a redução do risco. Em caso de verificação de NC GRAVE por parte dos auditores, esta deverá ser informada imediatamente à Coordenação do PEOTRAM que avaliará qual encaminhamento a ser dado. Após a informação da NC confirmada (já na auditoria de base ou na auditoria da embarcação), deverá ser dado o tratamento das causas básicas da não conformidade no sistema BROA, com ações que não podem ultrapassar 15 (quinze) dias corridos da informação da NC, salvo justificativa e aprovação da Petrobras. OBS.: a eficácia das ações serão avaliadas no fechamento da pendência no sitema BROA e também no próximo ciclo de auditoria.
B17: C | C17: Moderado - Não conformidade moderada Após a informação das não conformidades, (informação na resposta da contestação da empresa), deverá ser dado o tratamento das causas básicas da não conformidade, e as ações de tratamento não deverão ultrapassa 30 (trinta) dias após a oficialização das NC, salvo justificativa e aprovação da Petrobras. OBS.: a eficácia das ações serão avaliadas no fechamento da pendência no sistema BROA e também no próximo ciclo de auditoria
B18: D | C18: Leve - Não conformidade leve Após a informação das não conformidades, (informação na resposta da contestação da empresa), deverá ser dado o tratamento das causas básicas da não conformidade, e as ações de tratamento não deverão ultrapassa 60 (sessenta) dias após a oficialização das NC, salvo justificativa e aprovação da Petrobras. OBS.: a eficácia das ações serão avaliadas no fechamento da pendência no sistema BROA e também no próximo ciclo de auditoria
B19: ✓ | C19: Conforme
B20: ✓✓ | C20: Item de Excelência
B22: Conforme classificação representada acima, as não‐conformidades porventura observadas deverão ser classificadas em críticas, graves, moderadas e leves, sendo:
B25: Não conformidades críticas: Não Conformidade que possa gerar risco iminente às pessoas, ao meio ambiente, à instalação ou às operações. * A Petrobras deverá ser avisada imediatamente pela equipe auditora. RISCO IMINENTE: QUE AMEAÇA SE CONCRETIZAR, QUE ESTÀ A PONTO DE ACONTECER, PRÒXIMO, IMEDIATO (ÚLTIMA BARREIRA DE CONTROLE)
B27: Não conformidades graves: a) Falta de um requisito do Sistema de Gestão da Segurança Operacional, Segurnaça Ocupacional e/ou Meio Ambiente; b) Falha relevante no atendimento a um requisito do Sistema de Gestão da Segurança Operacional, Segurnaça Ocupacional e/ou Meio Ambiente ou requisito de SMS; c) Não conformidades similares às encontradas em auditorias anteriores na mesma instalação; d) Desvio sistêmico, caracterizado por um conjunto de desvios ou por desvios similares, que ocorrem de forma repetitiva e frequente no atendimento a determinado requisito relevante.
B29: Não conformidades moderadas: a) Atendimento parcial ou insuficiente a um requisito do Sistema de Gestão da Segurança Operacional, ou requisito de SMS; b) Uma quantidade significativa de falhas leves em atender a um determinado requisito do Sistema de Gestão de Segurança Operacional.
B31: Não conformidades leves: Serão todas aquelas que possam ser consideradas como desvio ou falhas isoladas, no atendimento a um requisito de SMS e de Segurança Operacional, desde que não se enquadre nas definições anteriores; OBS.: para efeito de pontuação no PEOTRAM, será levado em consideração para este ciclo de 2023 a análise das não conformidades tratadas no ciclo anterior, bem como aquelas levantadas no ciclo atual (composição dos percentuais de atendimento).
B32: TRATAMENTO DE NC CRÍTICAS OU GRAVES: As NC CRÍTICAS ou GRAVES deverão ser tratadas dentro do ciclo em andamento, de acordo com os prazos estabelecidos no critério. As questões de Conformidade Legal, principalmente itens voltados para as NRs, caso sejam motivo de NC, serão considerados como NC GRAVE.
B33: Tratamento de ações no BROA (ou qualquer outro sistema que venha a substituí-lo): a) As pendências de auditoria serão inseridas no sistema pela equipe PETROBRAS, onde o prazo para tratamento das pendências terá início a partir da data do e-mail de envio do Relatório Final com a resposta das contestações pela empresa auditora, para a empresa auditada; b) O encerramento a ser solicitado pela empresa auditada no sistema deverá ser solicitado dentro deste status de “encerramento solicitado” para que chegue ao avaliador de forma adequada; c) O encerramento das pendências se dará no último dia estabelecido e até às 17h do dia, para que possamos corrigir qualquer inconsistência no sistema; d) As datas de atendimento às pendências serão consideradas sempre em dia útil da semana. Exemplo: se a data cair em sábado, domingo ou feriado, a equipe PETROBRAS já considerará a data útil imediatamente antes destes dias da semana. As datas de atendimento a planos da ação dos RTAs serão informados pelos pontos focais das unidades. Qualquer alteração de data a ser autorizado pelos responsáveis da PETROBRAS, será acatado mediante informação oficial, e com evidência (e-mail da PETROBRAS), a ser informada pela empresa auditada para a Coordenação do PEOTRAM; e) Caso ocorram inconsistências no sistema, a empresa auditada deverá informar imediatamente à equipe PETROBRAS para a correção em tempo hábil. Caso contrário, consideraremos como ação fechada “fora do prazo”. f) Para o correto atendimento ao tratamento das NC apontadas, será considerado o seguinte para que a pendência seja dada como atendida: - apresentação de uma análise da causa básica que levou à não conformidade; - tratamento da não conformidade a partir da causa básica levantada para evitar reincidências futuras.
B34: Classificação dos elementos críticos de segurança operacional e/ou ocupacional:
B36: 1) Equipamento crítico de segurança operacional e/ou ocupacional é qualquer equipamento ou elemento estrutural da Instalação que poderia, em caso de falha, causar ou contribuir, significativamente, para um quase acidente ou para um acidente operacional / ocupacional;
B39: 2) Sistema Crítico de Segurança Operacional é qualquer sistema de controle de engenharia que tenha sido projetado para manter a instalação dentro dos limites operacionais de segurança, parar total ou parcialmente a instalação ou um processo, no caso de uma falha na segurança operacional ou reduzir a exposição humana às consequências de eventuais falhas;
B43: 3) Procedimento crítico de segurança operacional e/ou ocupacional é um procedimento ou critério utilizado para controle de riscos operacionais/ocupacionais.
B46: Participação das inspeções do GSEM, BAD/IDF e outras auditorias na avaliação final dos critérios e na implementação dos requisitos de conformidade legal:
B48: 1) As avaliações do GSEM, auditorias de BAD/IDF ou outras avalialiações do ciclo (anexos de SMS, de normas regulamentadoras e outras), servirão, também, como embasamento para as auditorias do PEOTRAM e poderão ser utilizadas nas comparações dos itens auditados, podendo despontuar no caso de insconsistência de informações.

Sheet Elemento 01
A1: ELEMENTO 01 - LIDERANÇA, GERENCIAMENTO E RESPONSABILIDADE
A3: Requisito | B3: Descrição do Requisito | C3: Evidências para atendimento do item | D3: =IF(#REF!=Critério!$B$5,Critério!$B$5,SUM(IF(D4=Critério!$B$5,100%,D4)*SUM(#REF!),IF(D7=Critério!$B$5,100%,D7)*SUM(#REF!),IF(D11=Critério!$B$5,100%,D11)*SUM(#REF!)))/#REF! -> #REF! | E3: CNC | F3: Comentários do Auditor
A4: Responsabilidade e Autoridade | D4: =IF(#REF!=COUNTA(A5:A6),Critério!$B$5,SUMPRODUCT(#REF!,#REF!)/SUM(#REF!)) -> #REF!
A5: 1.1.1 | B5: A alta administração da empresa demonstra compromisso claro em implementar e manter a gestão de segurança, meio ambiente e saúde? | C5: Entrevistas com alta administração; a) As atribuições e responsabilidades relacionadas com a gestão de SMS e segurança operacional estão definidas e implementados a bordo e na base da empresa, levando em conta as responsabilidades das lideranças de bordo (CMT, CFM,etc) e de base (Gerentes)? b) As atribuições e responsabilidades relacionadas com a gestão de SMS, excelência operacional e segurança operacional são do conhecimento e é praticada pelos dos tripulantes e pessoal de terra que suportam às operações? Os diretores e gerentes da empresa realizam visitas periódicas nas embarcações, executando ações vinculadas à gestão de segurança? As lideranças de base e de bordo realizam auditorias comportamentais periódicas, com efetivo registros de desvios (reação das pessoas, posição das pessoas, EPI, ferramentas/equipamentos, procedimentos documentados, ordem/limpeza/arrumação) e tratamento imediato dos desvios? A empresa possui sistemática para que as lideranças e gestores realizem auditorias comportamentais periódicas e de integridade. Os gestores de manutenção, operação e SMS realizam inspeções e auditorias periódicas a bordo, visando verificar a conformidade, integridade e perfeito funcionamento dos equipamentos e dispositivos de segurança da embarcação, com efetivo registro e tratamento de desvios? | D5: 3 | E5: ✓
A6: 1.1.2 | B6: A empresa demonstra ter setores de Operação, Manutenção/Técnico, RH, SMS adequadamente estruturados, com competência técnica e articulados, para suportar operações marítimas a serviço da Petrobras? | C6: Solicitar organograma estruturado da empresa e matriz de responsabilidades para verificação da hierarquia (gerentes de operação, manutenção, SMS/HSE, RH) e autoridades dadas aos gestores. Evidências de que a bordo estes setores se articulam no suporte às operações das embarcações | D6: 3 | E6: ✓
A7: Comprometimento da Liderança | D7: =IF(#REF!=COUNTA(A8:A10),Critério!$B$5,SUMPRODUCT(#REF!,#REF!)/SUM(#REF!)) -> #REF!
A8: 1.2.1 | B8: A empresa possui sistemática para estabelecer as diversas especificações previstas em normas como: Designação profissional legalmente habilitado, habilitação, capacitação e qualificação. | C8: ISM Code, IMCA, NR 10, NR 11, NR 12, NR 13, NR 17, NR 20, NR30, NR 33, NR 34, NR 35, entre outras. Procedimento Documentado | D8: 3 | E8: ✓
A9: 1.2.2 | B9: a) A empresa designou formalmente os responsáveis legais requeridos conforme legislação, tais como Profissionais Legalmente Habilitados (PLH), profissionais designados nas NRs, dentre outros? b) Todos os serviços que requeiram atuação dos responsáveis legais estão em conformidade? | C9: Carta de Designação DPA (ISM Code / IMCA) Profissionais designados nas NR 10, NR 11, NR 12, NR 13, NR 17, NR 20, NR 33, NR 34, NR 35, entre outras. Registros que comprovem a atuação ao longo do ano do DPA e pessoas designadas para as NR | D9: 3 | E9: ✓
A10: 1.2.3 | B10: A alta administração da empresa demonstra compromisso com o tema de redução de emissões de gases de efeito estufa e apresenta ações práticas para redução de emissões? | C10: Registros que comprovem a atuação da alta liderança neste tema Ações práticas evidenciadas (ex: modos de operação, ações visando redução de consumo de diesel, gestão de manutenção, indicadores) | D10: 3 | E10: ✓
A11: Indicadores e Itens Críticos | D11: =IF(#REF!=COUNTA(A12),Critério!$B$5,SUMPRODUCT(#REF!,#REF!)/SUM(#REF!)) -> #REF!
A12: 1.3.1 | B12: A alta administração da empresa estabeleceu indicadores e metas de performance em SMS, manutenções, inspeções e excelência operacional, medindo-as e monitorando-as periodicamente, com planos de ação no caso de não atendimento? | C12: Indicadores tais como: TAR, TOR, TFCA, TG, Vazamentos, Tempo Perdido (PTP-Saúde), Falhas de DP, Cumprimentos de Plano de Manutenção (ICMP), Albalroamentos (meta zero) Medições realizadas; Planos de ação no caso de não atendimento. | D12: 3 | E12: ✓

Sheet Elemento 02
A1: ELEMENTO 02 - CONFORMIDADE LEGAL
A3: Requisito | B3: Descrição do Requisito | C3: Evidências para atendimento do item | D3: =IF(#REF!=Critério!$B$5,Critério!$B$5,SUM(IF(D4=Critério!$B$5,100%,D4)*SUM(#REF!),IF(D7=Critério!$B$5,100%,D7)*SUM(#REF!),IF(D20=Critério!$B$5,100%,D20)*SUM(#REF!),IF(D32=Critério!$B$5,100%,D32)*SUM(#REF!),IF(D37=Critério!$B$5,100%,D37)*SUM(#REF!),IF(D43=Critério!$B$5,100%,D43)*SUM(#REF!)))/#REF! -> #REF! | E3: CNC | F3: Comentários do Auditor
A4: Sistemática de Identificação e Atualização de Requisitos Legais e Outros | D4: =IF(#REF!=COUNTA(A5:A6),Critério!$B$5,SUMPRODUCT(#REF!,#REF!)/SUM(#REF!)) -> #REF!
A5: 2.1.1 | B5: a) A empresa possui sistema que identifique e atualize as legislações e normas nacionais e internacionais pertinentes às operações da empresa? b) As legislações, normas e requisitos contratuais estão inseridos em todos os estudos de risco e procedimentos que afetem a segurança das operações? | C5: Legislação Federal; Legislações Estaduais; Legislações Municipais; Outros requisitos (Exemplo: Normas NBR, Normas Regulamentadoras e Normas técnicas em geral) apresentados de forma atualizada; Lista ou Software com os requisitos legais Verificar quais são os outros requisitos aplicáveis identificados; Este documento deve apresentar a correlação entre os requisitos e os aspectos ambientais; Este documento deve apresentar a correlação entre os estudos de riscos para o caso de segurança operacional; Entrevista nas áreas operacionais. | D5: 3 | E5: ✓
A6: 2.1.2 | B6: A empresa possui grupo interno de inspeção e auditoria, para verificar a conformidade de toda sua frota às legislações marítimas, NRs, ambientais, da ANVISA, da IMCA, IMO, ISM, requisitos da Contratante? | C6: Evidenciar cronograma de inspeções/auditorias envolvendo toda a frota, com relatório de inspeção/auditoria consistente, com registros de Não Conformidades e planos de ação de tratamento de NC. Evidenciar a qualificação do(s) auditor(es) / inspetor(es) envolvidos. | D6: 3 | E6: ✓
A7: Atendimento à NR-34 | D7: =IF(#REF!=COUNTA(A8:A19),Critério!$B$5,SUMPRODUCT(#REF!,#REF!)/SUM(#REF!)) -> #REF!
A8: 2.2.1 | B8: A empresa possui profissional formalmente designado para o cumprimento da NR-34? | C8: Evidências dos registros. | D8: 3 | E8: ✓
A9: 2.2.2 | B9: Os profissionais que realizaram atividades no âmbito da NR-34 ao longo do ciclo, estão devidamente capacitados e treinados nos termos estabelecidos no item 34.3 da NR-34? | C9: Evidências dos registros (devem ser disponibilizados na auto avaliação todos os registros); Requisitos mínimos aceitáveis: a) 34.3.1 - Trabalhador qualificado: Comprovação da conclusão de curso específico para sua atividade em instituição reconhecida pelo sistema oficial de ensino; b) 34.3.2 - Profissional Legalmente Habilitado: trabalhador previamente qualificado e com registro no competente conselho de classe; c) 34.3.3. - Trabalhador capacitado :trabalhador previamente qualificado e com registro no competente conselho de classe; d) Carga mínima indicada na NR-34; e) Capacitação realizada durante horário normal de trabalho (34.3.5). | D9: 3 | E9: ✓
A10: 2.2.3 | B10: As documentações de atendimento à NR-34 estão disponíveis e conformes, como estabelecido no item 34.4 da NR-34? | C10: Empresa disponibilizar as Permissões para Trabalho, evidenciando o cumprimento dos itens constantes no 34.4 da NR-34 Entrevistas | D10: 3 | E10: ✓
A11: 2.2.4 | B11: Os trabalhos a quente realizados a bordo no ciclo anual foram realizados em conformidade com o requerido no item 34.5 da NR-34? | C11: Relação dos trabalhos a quente realizados no ciclo; Registros de atendimento integral ao item 34.5 | D11: 3 | E11: ✓
A12: 2.2.5 | B12: Os trabalhos em altura realizados a bordo no ciclo anual, foram realizados observando o requerido no item 34.6 da NR-34? | C12: Os trabalhos em altura realizados a bordo no ciclo anual, foram realizados observando o requerido no item 34.6 da NR-34? | D12: 3 | E12: ✓
A13: 2.2.6 | B13: Os trabalhos de pintura realizados a bordo no ciclo anual, foram realizados observando o requerido no item 34.9 da NR-34? | C13: Os trabalhos de pintura realizados a bordo no ciclo anual, foram realizados observando o requerido no item 34.9 da NR-34? | D13: 3 | E13: ✓
A14: 2.2.7 | B14: Os trabalhos de movimentação de cargas a bordo no ciclo anual, foram realizados observando o requerido no item 34.10 da NR-34? | C14: Relação dos equipamentos de movimentação de cargas na embarcação no ciclo anual; Registros de atendimento integral ao item 34.10 | D14: 3 | E14: ✓
A15: 2.2.8 | B15: Os equipamentos de movimentação de cargas possuem prontuários cumprindo integralmente o requerido no item 34.10.3 da NR-34? | C15: Relação de todos os equipamentos de movimentação de cargas da embarcação e seus respectivos prontuários. | D15: 3 | E15: ✓
A16: 2.2.9 | B16: Os equipamentos e acessórios de movimentação de cargas e seus acessórios estão certificados por profissionais legalmente habilitados, registrados em relatório de inspeção e com periodicidade adequada, conforme item 34.10.6 da NR-34? | C16: Relação dos certificados de todos os equipamentos de movimentação de cargas. | D16: 3 | E16: ✓
A17: 2.2.10 | B17: Os equipamentos portáteis a bordo no ciclo anual, foram realizados observando o requerido no item 34.12 da NR-34? | C17: Relação dos equipamentos portáteis na embarcação no ciclo anual; Registros de atendimento integral ao item 34.12 | D17: 3 | E17: ✓
A18: 2.2.11 | B18: As instalações elétricas provisórias a bordo no ciclo anual, foram realizados observando o requerido no item 34.13 da NR-34? | C18: Relação das instalações elétricas provisórias na embarcação no ciclo anual; Registros de atendimento integral ao item 34.13 | D18: 3 | E18: ✓
A19: 2.2.12 | B19: Os testes de estanqueidade realizados a bordo no ciclo anual, foram realizados observando o requerido no item 34.14 da NR-34? | C19: Relação dos testes de estanqueidade na embarcação no ciclo anual; Registros de atendimento integral ao item 34.14 | D19: 3 | E19: ✓
A20: Atendimento à NR-12 | D20: =IF(#REF!=COUNTA(A21:A31),Critério!$B$5,SUMPRODUCT(#REF!,#REF!)/SUM(#REF!)) -> #REF!
A21: 2.3.1 | B21: a) A empresa possui Profissional Legalmente Habilitado para fins de cumprimento da NR-12? b) O profissional é atuante e realiza todas as ações sob sua responsabilidade conforme disposto na NR-12? | C21: Evidências de designação, de atuação em registros, entrevistas; Evidenciar a formação profissional do PLH como Engenheiro Mecânico ou Engenheiro Naval e com a ART recolhida (CREA ativo). | D21: 3 | E21: ✓
A22: 2.3.2 | B22: O arranjo físico da embarcação está conforme ao estabelecido no item 12.2 da NR-12? | C22: Relatórios, fotos, Visita a bordo e registros, de aplicação de toda a NR-12 | D22: 3 | E22: ✓
A23: 2.3.3 | B23: As instalações e dispositivos elétricos nas embarcações estão conformes ao estabelecido no item 12.3 da NR-12? | C23: Relatórios, fotos, Visita a bordo e registros, de aplicação de toda a NR-12. | D23: 3 | E23: ✓
A24: 2.3.4 | B24: Os dispositivos de partida, acionamento e parada nas embarcações estão conformes ao estabelecido no item 12.4 da NR-12? | C24: Relatórios, fotos, Visita a bordo e registros, de aplicação de toda a NR-12 | D24: 3 | E24: ✓
A25: 2.3.5 | B25: Os sistemas de segurança nas embarcações estão conformes ao estabelecido no item 12.5 da NR-12? | C25: Relatórios, fotos, Visita a bordo e registros, de aplicação de toda a NR-12 | D25: 3 | E25: ✓
A26: 2.3.6 | B26: Os dispositivos de parada de emergências nas embarcações estão conformes ao estabelecido no item 12.6 da NR-12? | C26: Relatórios, fotos, Visita a bordo e registros, de aplicação de toda a NR-12 | D26: 3 | E26: ✓
A27: 2.3.7 | B27: Os componentes pressurizados das embarcações estão conformes ao estabelecido no item 12.7 da NR-12? | C27: Relatórios, fotos, Visita a bordo e registros, de aplicação de toda a NR-12 | D27: 3 | E27: ✓
A28: 2.3.8 | B28: Os riscos adicionais estão mapeados e em conformidade ao estabelecido no item 12.10 da NR-12? | C28: Relatórios, fotos, Visita a bordo e registros, de aplicação de toda a NR-12 | D28: 3 | E28: ✓
A29: 2.3.9 | B29: As manutenções, inspeções, preparação, ajustes, reparos, limpezas, sinalizações e manuais estão conformes ao estabelecido nos itens 12.11, 12.12 e 12.13 da NR-12? | C29: Relatórios, fotos, Visita a bordo e registros, de aplicação de toda a NR-12 | D29: 3 | E29: ✓
A30: 2.3.10 | B30: Para a realização de trabalhos com máquinas e equipamentos, estão estabelecidos procedimentos documentados de trabalho e segurança, conforme estabelecido no item 12.14 da NR-12? | C30: Relatórios, fotos, Visita a bordo e registros, de aplicação de toda a NR-12 | D30: 3 | E30: ✓
A31: 2.3.11 | B31: Os profissionais da empresa que realizam operação, manutenção, inspeção e demais intervenções em máquinas e equipamentos nas embarcações, estão capacitados, habilitados,qualificados e autorizados conforme estabelecido no item 12.16 da NR-12? | C31: Relação dos profissionais da empresa; registros de treinamentos (confrontando com NR-12) e entrevistas | D31: 3 | E31: ✓
A32: Atendimento à NR-33 | D32: =IF(#REF!=COUNTA(A33:A36),Critério!$B$5,SUMPRODUCT(#REF!,#REF!)/SUM(#REF!)) -> #REF!
A33: 2.4.1 | B33: a) A empresa possui Responsável Técnico para fins de cumprimento da NR-33? b) O profissional é atuante e realiza todas as ações sob sua responsabilidade conforme disposto na NR-33? | C33: Evidências de designação, de atuação em registros, entrevistas | D33: 3 | E33: ✓
A34: 2.4.2 | B34: As obrigações para a empresa referente a trabalhos em espaço confinados estão conformes o disposto no item 33.3 da NR-33? | C34: Relatórios, fotos, Visita a bordo e registros, de aplicação de toda a NR-33 | D34: 3 | E34: ✓
A35: 2.4.3 | B35: O trabalho em espaço confinado é planejado, programado, implementado e avaliado, incluindo medidas técnicas de prevenção, medidas administrativas e de capacitação estão realizados conforme o estabelecido no item 33.4 da NR-33? | C35: Relação de trabalhos em espaço confinados realizados no ciclo anual; relatórios de trabalho, visita a bordo. Somente considerar item implementado, caso para a amostra avaliada esteja 100% conforme aos itens requeridos pela NR | D35: 3 | E35: ✓
A36: 2.4.4 | B36: Os profissionais que participaram dos trabalhos em espaço confinados (autorizados, vigias, supervisores de entrada) estão devidamente capacitados conforme requerido no item 33.6 da NR-33? | C36: Relação dos profissionais, certificados de curso, ementa e carga horário de curso, listas de presença e entrevista | D36: 3 | E36: ✓
A37: Atendimento à NR-35 | D37: =IF(#REF!=COUNTA(A38:A42),Critério!$B$5,SUMPRODUCT(#REF!,#REF!)/SUM(#REF!)) -> #REF!
A38: 2.5.1 | B38: Para os trabalhos a bordo, realizados acima de 2 metros do nível inferior, onde haja risco de queda, a empresa implementou todos os requisitos estabelecidos no item 35.3 da NR-35? | C38: Relatórios, fotos, Visita a bordo e registros, de aplicação de toda a NR-35 | D38: 3 | E38: ✓
A39: 2.5.2 | B39: Os profissionais que realizam trabalhos em altura a bordo e equipes de emergência, estão capacitados conforme o requerido nos itens 35.4 e 35.7 da NR-35? | C39: Relação dos profissionais, certificados de curso, ementa e carga horário de curso, listas de presença e entrevista, confrontando com o requerido no item 35.4 | D39: 3 | E39: ✓
A40: 2.5.3 | B40: Os trabalhos em altura foram planejados, organizados e executados conforme disposto no item 35.5 da NR-35? | C40: Relação dos trabalhos em altura, Relatórios, fotos, Visita a bordo e registros, de aplicação de toda a NR-35 | D40: 3 | E40: ✓
A41: 2.5.4 | B41: Nos locais em que não for possível evitar o trabalho em altura, estão instalados e conformes os Sistemas de Proteção Contra Quedas, como requerido no item 35.6 da NR-35? | C41: Relação dos trabalhos em altura, Relatórios, fotos, Visita a bordo e registros, de aplicação de toda a NR-35 | D41: 3 | E41: ✓
A42: 2.5.5 | B42: Estão disponíveis equipes de resposta em caso de emergências, conforme disposto no item 35.7 da NR-35? | C42: Relação da equipe, planos, relatórios, visita a bordo | D42: 3 | E42: ✓
A43: Normas de Segurança das Operações Marítimas | D43: =IF(#REF!=COUNTA(A44:A50),Critério!$B$5,SUMPRODUCT(#REF!,#REF!)/SUM(#REF!)) -> #REF!
A44: 2.6.1 | B44: A empresa possui sistemática para garantir o cumprimento, monitoramento e evidencia implementação do requerido no STCW 95 (treinamento de marítimos)? | C44: procedimento documentado, registros, visita a bordo | D44: 3 | E44: ✓
A45: 2.6.2 | B45: A empresa possui sistemática para garantir o cumprimento, monitoramento e evidencia implementação do requerido no ISM (International Safety Management)? | C45: procedimento documentado, registros, visita a bordo | D45: 3 | E45: ✓
A46: 2.6.3 | B46: A empresa possui sistemática para garantir o cumprimento, monitoramento e evidencia implementação do requerido no SOLAS (Convenção Internacional para a Salvaguarda da Vida Humana no Mar)? | C46: procedimento documentado, registros, visita a bordo | D46: 3 | E46: ✓
A47: 2.6.4 | B47: A empresa possui procedimentos documentados, capacitações, monitora e evidencia implementação do requerido no RIPEAM 72 - Regulamento Internacional para Evitar Abalroamentos no Mar? | C47: procedimento documentado, registros, visita a bordo | D47: 3 | E47: ✓
A48: 2.6.5 | B48: A empresa possui sistemática para garantir o cumprimento, monitoramento e evidencia implementação do requerido na MARPOL - Convenção Internacional para a Prevenção da Poluição Causada por Navios? | C48: procedimento documentado, registros, visita a bordo | D48: 3 | E48: ✓
A49: 2.6.6 | B49: A empresa que possui embarcações com sistemas de posicionamento dinâmico (DP), evidencia cumprimento integral do requerido no Documento IMCA 103 - Guidelines for The Design and Operation of Dynamically Positioned Vessels, conforme sua classe? | C49: procedimento documentado, registros, visita a bordo OBS.: Quando este item for classificado como NA, o auditor deverá fazer uma ressalva informando que a empresa não está habilitada para ofertar embarcações com DP. | D49: 3 | E49: ✓
A50: 2.6.7 | B50: A empresa que possui embarcações com sistemas de posicionamento dinâmico (DP), evidencia cumprimento integral do requerido no Documento IMCA 117 - Training and Experience of Key DP Personnel, conforme sua classe? | C50: procedimento documentado, registros, visita a bordo; registros de qualificação e treinamento de todo o pessoal envolvido OBS.: Quando este item for classificado como NA, o auditor deverá fazer uma ressalva informando que a empresa não está habilitada para ofertar embarcações com DP. | D50: 3 | E50: ✓

Sheet Elemento 03
A1: ELEMENTO 03 - GESTÃO DE RISCOS
A3: Requisito | B3: Descrição do Requisito | C3: Evidências para atendimento do item | D3: =IF(#REF!=Critério!$B$5,Critério!$B$5,SUM(IF(D4=Critério!$B$5,100%,D4)*SUM(#REF!),IF(D16=Critério!$B$5,100%,D16)*SUM(#REF!)))/#REF! -> #REF! | E3: CNC | F3: Comentários do Auditor
A4: Identificação e Avaliação de Riscos | D4: =IF(#REF!=COUNTA(A5:A15),Critério!$B$5,SUMPRODUCT(#REF!,#REF!)/SUM(#REF!)) -> #REF!
A5: 3.1.1 | B5: A empresa possui processo estruturado e implementado de identificação dos perigos e gestão de riscos ocupacionais e operacionais? OBS: Entende-se como estruturado a existência de procedimentos de identificação de perigos e riscos; estudos de risco com equipes multidisciplinares; aprovação dos estudos por liderança; acompanhamento/implementação das recomendações; recomendações dos estudos de risco estarem contemplada nos procedimentos operacionais | C5: Procedimento documentado; Relatório de Análises de Riscos; Relatório de Análise Preliminar de Riscos; Relatório de Análise Preliminar de Perigos; Contemplam entre outros: Intoxicação, Doenças contagiosas, Trauma, desastres naturais, ação de terceiros (exemplos: terrorismo e vandalismo). | D5: 3 | E5: ✓
A6: 3.1.2 | B6: Os participantes de estudos de riscos possuem treinamento em técnicas de avaliação e gestão de riscos? | C6: Registros de treinamento e entrevistas | D6: 3 | E6: ✓
A7: 3.1.3 | B7: Para estudos de riscos para segurança operacional (ou segurança técnica da embarcação), são utilizadas técnicas estruturadas DE CLASSIFICAÇÃO DE RISCO (SEVERIDADE, FREQUÊNCIA - MODERADO, TOLERÁVEL , NÃO TOLERÁVEL) como as preconizadas no item 4 para embarcações DP o ASOG, conforme norma IMCA? | C7: Procedimentos documentados, específicos e mais elaborados para: HAZOP; FMEA / ASOG (Planilha de tomada de decisões); HAZID; Bow Tie; | D7: 3 | E7: ✓
A8: 3.1.4 | B8: Nos estudos de risco de segurança operacional, é aplicada uma Matriz de Tolerabilidade de Riscos, abrangendo categorias severidade x freqüência de eventos que possam provocar danos às pessoas, patrimônio, meio ambiente e imagem, em técnica igual ou similar ao previsto na Norma Petrobras N-2782 ? | C8: Verificar se os riscos foram categorizados conforme matriz de tolerabilidade. | D8: 3 | E8: ✓
A9: 3.1.5 | B9: A empresa possui uma sistemática que verifique a qualidade das análises de risco, contemplando, obrigatoriamente, no mínimo: a) A condução por um líder com treinamento na técnica a ser utilizada; b) A participação de equipe multidisciplinar (Operação, SMS e Manutenção), com composição e dimensionamento adequados à amplitude, profundidade e natureza do estudo; c) Aprovação por nível hierárquico superior do estudo e suas recomendações; d) Garantia de rastreabilidade e controle de revisão dos estudos; e) Garantia da rastreabilidade das ações adotadas relativas às implementações das recomendações; f) Matriz de Tolerabilidade de Riscos, que correlacione a freqüência dos eventos indesejados e a severidade das conseqüências esperadas. | C9: Estudo de risco realizado. | D9: 3 | E9: ✓
A10: 3.1.6 | B10: A liderança de base da contratada, monitora e registra os percentuais de implementação das recomendações de estudos de risco na sua frota, bem como a qualidade das análises de risco? | C10: Estudo de risco realizado. | D10: 3 | E10: ✓
A11: 3.1.7 | B11: a) As análises de riscos contemplam acidentes e incidentes de segurança operacional ocorridos na própria empresa e os acidentes/alertas compartilhados pela PETROBRAS? b) nos estudos de Análise de Riscos estão de uma forma que considera o histórico dos acidentes, e estão sendo divulgados para toda a tripulação? | C11: Verificar se o estudo de riscos leva em consideração a análise histórica de acidentes; Incêndio; Explosão; Vazamento de produtos químicos; Avaria da embarcação; Alagamento; Perda de posicionamento; Colisão/abalroamento; Black out; E outros. | D11: 3 | E11: ✓
A12: 3.1.8 | B12: As análises de riscos a bordo levam em consideração os requisitos dos Guias e dos Manuais de Segurança da Petrobras? | C12: Levantamento de aspectos e impactos e perigos e danos; Relatório de Análises de Riscos; Relatório de Análise Preliminar de Riscos; Relatório de Análise Preliminar de Perigos; Guia de Operações entre Embarcação de Apoio Marítimo e Unidade Marítima. | D12: 3 | E12: ✓
A13: 3.1.9 | B13: A empresa evidencia que os procedimentos das tarefas rotineiras são baseados em avaliações de aspectos, impactos e perigos e riscos? | C13: Procedimento documentado e acompanhamento de tarefas realizadas a bordo (confrontar padrão x operação) | D13: 3 | E13: ✓
A14: 3.1.10 | B14: A empresa evidencia que para tarefas novas, não rotineiras ou não planejadas, que também realiza avaliação prévia dos aspectos, impactos, perigos e riscos? | C14: Procedimento documentado; Relatório de Análises de Riscos; Relatório de Análise Preliminar de Riscos; Relatório de Análise Preliminar de Perigos; | D14: 3 | E14: ✓
A15: 3.1.11 | B15: Os estudos de risco de segurança operacional abrangem, no mínimo os cenários de: abalroamento, colisão, incêndio, naufrágio, perdas de posição, derivas, alagamentos, homem ao mar, emborcamento de botes, danos na estrutura da embarcação, acidentes envolvendo movimentação de cargas, acidentes envolvendo movimentação de combustíveis, situações de diving less? | C15: Estudos de risco cobrindo cada um dos indicados como mínimo; Estudo de tecnologias que evitem a atividade de mergulho. | D15: 3 | E15: ✓
A16: Gerenciamento de Riscos | D16: =IF(#REF!=COUNTA(A17:A20),Critério!$B$5,SUMPRODUCT(#REF!,#REF!)/SUM(#REF!)) -> #REF!
A17: 3.2.1 | B17: a) A bordo estão implementadas as ações de prevenção e/ou mitigação dos estudos de riscos avaliados? b) As barreiras (salvaguardas) identificadas na análise de riscos estão íntegras? | C17: Verificação em campo: - Entrevistas na área operacional; - Descumprimento de procedimentos; - Falta de manutenção em equipamentos críticos; - Equipamentos críticos inoperantes; - Não implementação das ações de gerenciamento dos riscos; - EPIs; Verificar barreiras que cubram os cenários críticos (ex: abalroamento, incêndio, perda de posição, movimentação de cargas, etc)? | D17: 3 | E17: ✓
A18: 3.2.2 | B18: Tanto nos estudos de risco, quanto a bordo, a contratada determina e implementa controles seguindo a hierarquia de: a) eliminação; b) substituição; c) controles de engenharia; d) sinalização, alertas e/ou controles administrativos; e) equipamentos de proteção individual (EPI)? | C18: Verificação em campo | D18: 3 | E18: ✓
A19: 3.2.3 | B19: Nas entrevistas a bordo, a força de trabalho tem conhecimento dos riscos a que estão submetidos e as ações de controle? | C19: Verificação em campo e entrevistas | D19: 3 | E19: ✓
A20: 3.2.4 | B20: a) Foram estabelecidos gatilhos para revisão dos levantamentos de aspectos e impactos e perigos e danos e para os estudos de riscos para segurança operacional? Obs: Exemplos de gatilhos: I) dados oriundos de acidentes e incidentes; II) simulados de emergência; III) materiais enviados pela Petrobras (alertas de SMS, abrangência de acidentes, etc.), ou gerados pela própria empresa, aplicáveis às suas atividades; entre outros. | C20: Procedimento documentado; Levantamento de aspectos e impactos e perigos e danos; Estudos de riscos Registros de abrangências dos Alertas de SMS Registros de avaliação dos simulados Registros de investigação de acidentes e incidentes. O potencial impacto ambiental de todas as atividades da empresa e da embarcação foi dimensionado e analisado. | D20: 3 | E20: ✓

Sheet Elemento 04
A1: ELEMENTO 04 - OPERAÇÃO
A3: Requisito | B3: Descrição do Requisito | C3: Evidências para atendimento do item | D3: =IF(#REF!=Critério!$B$5,Critério!$B$5,SUM(IF(D4=Critério!$B$5,100%,D4)*SUM(#REF!),IF(D12=Critério!$B$5,100%,D12)*SUM(#REF!),IF(D16=Critério!$B$5,100%,D16)*SUM(#REF!),IF(D18=Critério!$B$5,100%,D18)*SUM(#REF!),IF(D23=Critério!$B$5,100%,D23)*SUM(#REF!),IF(D28=Critério!$B$5,100%,D28)*SUM(#REF!),IF(D32=Critério!$B$5,100%,D32)*SUM(#REF!),IF(D40=Critério!$B$5,100%,D40)*SUM(#REF!),IF(D45=Critério!$B$5,100%,D45)*SUM(#REF!),IF(D47=Critério!$B$5,100%,D47)*SUM(#REF!)))/#REF! -> #REF! | E3: CNC | F3: Comentários do Auditor
A4: Geral | D4: =IF(#REF!=COUNTA(A5:A11),Critério!$B$5,SUMPRODUCT(#REF!,#REF!)/SUM(#REF!)) -> #REF!
A5: 4.1.1 | B5: Há sistemática para definição e gestão de equipamentos críticos? a) A relação dos elementos críticos foi validada pela liderança? | C5: Procedimentos documentados; Definição de sistemas e equipamentos críticos; Lista de equipamentos; Registros; Análise de risco. | D5: 3 | E5: ✓
A6: 4.1.2 | B6: Existe sistemática implementada de Verificação de Conformidade de Procedimentos - VCP? | C6: Procedimento baseado em análise de risco; Relatórios; Lista de padrões críticos; Lista de Verificação: a) Inclui os procedimentos críticos? b) Existe um cronograma e o mesmo está sendo cumprido? c) A liderança participa do processo? d) Os equipamentos e sistemas críticos de segurança operacional possuem procedimentos documentados de operação? | D6: 3 | E6: ✓
A7: 4.1.3 | B7: A empresa possui gestão de operações críticas? | C7: As operações críticas foram mapeadas através de análise de risco e procedimentadas? a) Atracação, desatracação e navegação; b) Aproximação de zona de 500 metros; c) Transferência de fluidos; d) Transporte/transbordo de pessoas; e) Pull-in/Pull-out; f) Movimentação de cargas; g) Hook-up; h) Pull back; i) Operações simultâneas; j) Contenção e recolhimento de óleo; k) Limites meteoceanográficos definidos para as operações; | D7: 3 | E7: ✓
A8: 4.1.4 | B8: a) A embarcação possui procedimento documentado para solicitação de autorização à Unidade Marítima antes de entrar na zona de 500 metros, bem como em toda operação dentro da zona de 500 metros? b) Existem registros destas comunicações no diário de bordo? | C8: Procedimento documentados; Constatação durante operação; Registros prévios de aproximações; Verificar registros que comprovem; Protocolos de Aproximação; Registro fotográfico do diário de bordo; Procedimento de Bump Test; Certificado de Calibração dos detectores de gases; Treinamento no procedimento de Bump Test. | D8: 3 | E8: ✓
A9: 4.1.5 | B9: A embarcação utiliza os protocolos de aproximação e se certifica da ausência de gases tóxicos a partir de eventos de abertura de vents nas plataformas ? | C9: Registros de aproximação e evidências de utilização do protocolo; Registro da medição de gases. | D9: 3 | E9: ✓
A10: 4.1.6 | B10: a) Existe procedimento para operações simultâneas? b) O procedimento detalha quais operações não podem ser realizadas simultaneamente? c) Existe planejamento para a realização das operações simultâneas? d) Existe estudos de riscos para a realização das operações simultâneas ? | C10: Procedimentos documentados; Lista de verificação; Registros; Constatação visual; Treinamentos. | D10: 3 | E10: ✓
A11: 4.1.7 | B11: As permissões para trabalho emitidas estão de acordo com o procedimento existente: I) está dentro dos serviços que exigem emissão de PT? II) estão os responsáveis: pela emissão, execução e encerramento/revalidação da PT? III) existe a elaboração da APR e realização das inspeções prévias antes dos inícios das tarefas? IV) existe a identificação dos tipos de isolamentos de energia necessários? V)existe a identificação das medições e monitoramentos necessários à liberação do trabalho e informações das FISPQ? VI) existe a identificação e planejamento das medidas de resgates e das operações simultâneas (SIMOPS)? VII)existe a identificação das áreas conflitantes? VIII) existe a elaboração em três vias e sistemáticas para acompanhamento das emissões das PTs? IX) Estão definidos os critérios de rastreabilidade das PTs (ordem seqüencial)? | C11: Verificar PT emitida; Procedimentos documentados; Lista de verificação; Regras de Ouro da Petrobras; NR 10 (quando aplicável), NR 20, NR 30, NR 33, NR 34 e NR 35, etc; Auditoria realizada; Consolidação do ano anterior ao ciclo atual. | D11: 3 | E11: ✓
A12: Transporte de Pessoas | D12: =IF(#REF!=COUNTA(A13:A14),Critério!$B$5,SUMPRODUCT(#REF!,#REF!)/SUM(#REF!)) -> #REF!
A13: 4.2.1 | B13: Está sendo seguido o que está estabelecido na NR-37, itens 37.11.4.1 e 37.11.5 para a transferência de pessoas ? | C13: Procedimentos documentados; NR-37. | D13: 3 | E13: ✓
A14: 4.2.2 | B14: a) Os efeitos das condições de tempo e mar são considerados nas operações de transferência de pessoas? b) O anemômetro está operacional e calibrado? | C14: Procedimento documentado. | D14: 3 | E14: ✓
A15: Transporte de Cargas e Granéis
A16: Operação com carga embalada / contêineres | D16: =IF(#REF!=COUNTA(A17),Critério!$B$5,SUMPRODUCT(#REF!,#REF!)/SUM(#REF!)) -> #REF!
A17: 4.3.1 | B17: a) Existe um procedimento para transporte de materiais e fontes radioativas de acordo com normas da CNEN estabelecidas (fontes e material de ocorrência natural - NORM - com baixa atividade)? b) A arrumação e cuidados com as cargas radioativas a bordo é realizada conforme diretrizes do código IMDG Code? | C17: Documentações; Autorizações e licenças. | D17: 3 | E17: ✓
A18: Operação com granéis líquidos/sólidos | D18: =IF(#REF!=COUNTA(A19:A22),Critério!$B$5,SUMPRODUCT(#REF!,#REF!)/SUM(#REF!)) -> #REF!
A19: 4.3.2 | B19: a) Existe procedimento para as operações de transferência de granéis poluentes? b) O procedimento contempla a utilização de bandeja de contenção sob a conexão do magote da Unidade Marítima ou píer com o mangote da embarcação e orientações para o tamponamento dos embornais? c) A bandeja de contenção possui capacidade suficiente, aproximadamente 200 litros para as tomadas de abastecimentos e 20 litros para suspiros conforme NORMAN 1, para evitar que o óleo seja derramado no convés? d) Existe kit de contenção/SOPEP próximo? e) Os bujões das bandejas de contenção e dos embornais estão disponíveis e com boa vedação? | C19: Procedimentos documentados; Constatação durante operação; Constatação Visual; Treinamento. | D19: 3 | E19: ✓
A20: 4.3.3 | B20: Há previsão no procedimento informando de que o Comandante somente inicia uma operação de transferência de granéis líquidos quando os mangotes utilizados para o bombeamento tenham sido totalmente desenrolados do carretel da Unidade Marítima? | C20: Procedimento documentado; Constatação durante operação. | D20: 3 | E20: ✓
A21: 4.3.4 | B21: Há previsão no procedimento informando de que o Comandante somente inicia uma operação de transferência de granéis líquidos quando os mangotes utilizados para o bombeamento estão visíveis no mar através da utilização de flutuadores (mínimo quatro ao longo do mangote e, caso haja emenda, também um de cada lado)? | C21: Procedimento documentado; Constatação durante operação. | D21: 3 | E21: ✓
A22: 4.3.5 | B22: a) Os mangotes e conexões são inspecionados, a cada uso, visando a identificação de áreas enfraquecidas ou desgastadas e haste de válvulas danificadas? b) Os mangotes da embarcação estão armazenados de forma longitudinal em cabides próprios sem dobras, fissuras e/ou aduchados? c) Os Mangotes de transferência de água da embarcação encontram-se armazenados em cabides próprios, tamponados e de forma a não permitir contato com agentes biológicos ou patogênicos? | C22: Procedimento documentado; Registro de inspeção; Certificado de Qualidade dos mangotes. | D22: 3 | E22: ✓
A23: Operação de Recolhimento de Óleo | D23: =IF(#REF!=COUNTA(A24:A27),Critério!$B$5,SUMPRODUCT(#REF!,#REF!)/SUM(#REF!)) -> #REF!
A24: 4.4.1 | B24: a) Existe e está sendo cumprido procedimento de manutenção da posição de prontidão? b) O procedimento inclui preocupação com a identificação de possíveis colisões e abalroamentos? c) O procedimento está em português e outras línguas aplicáveis? d) O procedimento foi elaborado/revisado nos últimos 18 meses? e) Existe evidência de treinamento da tripulação? f) O procedimento inclui ações de resposta para incidentes previstos na análise de risco? | C24: Procedimento documentado. | D24: 3 | E24: ✓
A25: 4.4.2 | B25: a) Existe e está sendo cumprido procedimento para a operação de contenção e recolhimento de óleo? b) Estes procedimentos contemplam cuidados com movimento de cargas (barco de apoio e recolhedor-skimmer), cabos tensionados, colisão, abalroamento, aproximação em área com atmosfera potencialmente explosiva, navegação segura com barreiras e condições ambientais limites (estado de mar)? c) O procedimento está em português e outras línguas aplicáveis? d) O procedimento foi elaborado/revisado nos últimos 18 meses? e) Existe evidência de treinamento da tripulação? f) O procedimento inclui ações de resposta para incidentes previstos na análise de risco? | C25: Procedimento documentado. | D25: 3 | E25: ✓
A26: 4.4.3 | B26: a) Existe e está sendo cumprido procedimento para operação de dispersão mecânica? b) Este procedimento contempla cuidados com colisão, abalroamento e aproximação em área com atmosfera potencialmente explosiva? c) O procedimento está em português e outras línguas aplicáveis? d) O procedimento foi elaborado/revisado nos últimos 18 meses? e) Existe evidência de treinamento da tripulação? f) O procedimento inclui ações de resposta para incidentes previstos na análise de risco? | C26: Procedimento documentado. | D26: 3 | E26: ✓
A27: 4.4.4 | B27: a) Existe e está sendo cumprido procedimento para operação de dispersão química? b) Este procedimento contempla cuidados com a manipulação de produtos químicos perigosos, medição de vazão e autorização expressa pela Petrobras? c) O procedimento está em português e outras línguas aplicáveis? d) O procedimento foi elaborado/revisado nos últimos 18 meses? e) Existe evidência de treinamento da tripulação? f) O procedimento inclui ações de resposta para incidentes previstos na análise de risco? | C27: Procedimento documentado. | D27: 3 | E27: ✓
A28: Equipamentos para Operação de Reboque | D28: =IF(#REF!=COUNTA(A29:A31),Critério!$B$5,SUMPRODUCT(#REF!,#REF!)/SUM(#REF!)) -> #REF!
A29: 4.5.1 | B29: Existe procedimento de inspeção do equipamento de reboque / Emergência manuseio por um oficial competente da embarcação e seus registros são mantidos? | C29: Procedimento documentado; Registro de inspeção; Certficação. | D29: 3 | E29: ✓
A30: 4.5.2 | B30: Existe procedimento estabelecendo limites operacionais para que a tarefa seja realizada de forma segura ? | C30: Procedimento documentado. | D30: 3 | E30: ✓
A31: 4.5.3 | B31: Todo o equipamento de reboque está certificado, os certificados se encontram válidos e estão disponíveis a bordo? | C31: Certificados | D31: 3 | E31: ✓
A32: Convés | D32: =IF(#REF!=COUNTA(A33:A39),Critério!$B$5,SUMPRODUCT(#REF!,#REF!)/SUM(#REF!)) -> #REF!
A33: 4.6.1 | B33: As seguintes Zonas de Segurança das embarcações que transportam carga estão demarcadas de forma visível no convés: a) as Safety Zones - proteção de pessoas? b) as Dangerous Good Area - para cargas perigosas? | C33: Constatação visual | D33: 3 | E33: ✓
A34: 4.6.2 | B34: Escotilhas, portas, etc. que dão acesso aos convés possuem sinalização para serem mantidas fechadas durante a navegação? | C34: Procedimento documentado; Constatação visual; Certificados. | D34: 3 | E34: ✓
A35: 4.6.3 | B35: As condições de estanqueidade de qualquer abertura acima da borda livre nos conveses (portas de visita, agulheiro, escotilhões) são mantidas? | C35: Constatação visual; Checklist . | D35: 3 | E35: ✓
A36: 4.6.4 | B36: As condições dos suspiros,tela corta chamas e redes estão em boas condições e as válvulas de fechamento estão operacionais? | C36: Constatação visual; Checklist. | D36: 3 | E36: ✓
A37: 4.6.5 | B37: a) Os equipamentos de içamento e movimentação de carga (guindastes, pau de carga, etc.) possuem a identificação do SWL (Safe Working Load) e tabela de cargas? b) Os certificados dos equipamentos de movimentação de carga estão disponíveis a bordo e encontram-se válidos? | C37: Procedimento documentado; Constatação visual; Certificados. | D37: 3 | E37: ✓
A38: 4.6.6 | B38: a) Os acessórios de içamento de carga (eslingas, correntes, cabos, olhais, etc.) possuem identificação do SWL (Safe Working Load) apropriado para as cargas que serão sustentadas? b) Os certificados dos acessórios de içamento de carga estão disponíveis a bordo e encontram-se válidos? | C38: Procedimento documentado; Constatação visual; Certificados. | D38: 3 | E38: ✓
A39: 4.6.7 | B39: a) Estão em boas condições de conservação os equipamentos que possam apresentar risco de queda sobre a tripulação (holofotes, câmeras, antenas, etc.)? b) Existe dispositivo de segurança adicional-trava quedas- (cabos, correntes) para fixação de luminárias, câmeras, antenas, etc? | C39: Constatação visual; Checklist. | D39: 3 | E39: ✓
A40: Praça de Máquinas | D40: =IF(#REF!=COUNTA(A41:A44),Critério!$B$5,SUMPRODUCT(#REF!,#REF!)/SUM(#REF!)) -> #REF!
A41: 4.7.1 | B41: a) Os obstáculos, ressaltos e partes móveis de máquinas ou equipamentos estão efetivamente protegidas, sinalizadas e pintadas? b) Rotas de fuga estão adequadamente sinalizadas? | C41: Constatação visual; Checklist. | D41: 3 | E41: ✓
A42: 4.7.2 | B42: Existe procedimento para partida e parada dos principais equipamentos e sistemas de bordo, entre outros: Sistema de Governo, Sistema de Propulsão e Sistema de Geração de Energia? | C42: Procedimento documentado | D42: 3 | E42: ✓
A43: 4.7.3 | B43: a) As válvulas da rede de esgoto sanitário e válvula do esgoto das dalas, que descarregam diretamente para o costado, possuem indicação de permanecer na posição fechada no porto, anexo 4, regra 11, MARPOL 73/78. b) Estão travadas contra abertura sem autorização do Comandante? c) As válvulas de descarte para o mar possuem lacres de proteção? | C43: Procedimento documentado; Indicação afixada próxima as válvulas; Constatação visual. | D43: 3 | E43: ✓
A44: 4.7.4 | B44: O livro de registro de óleo (Oil Record Book) está preenchido corretamente, ou seja: a) Contém todas as manobras de óleo? b) Assinaturas do Chefe de Máquinas para cada operação e do Comandante para cada fechamento de folha? c) Sem rasuras? d) Os registros realizados para descartes de óleos estão de acordo com a legislação? | C44: Verificação do livro de registro | D44: 3 | E44: ✓
A45: Saúde | D45: =IF(#REF!=COUNTA(A46),Critério!$B$5,SUMPRODUCT(#REF!,#REF!)/SUM(#REF!)) -> #REF!
A46: 4.8.1 | B46: a) Existe na embarcação uma área segregada para um tratamento imediato das condições de saúde do tripulante ? b) Existe um procedimento da empresa com fluxo de atendimento para o tratamento de casos mais graves que afetarem a saúde de um tripulante, ou tratamento em caso de acidentes graves ? c) Existe contato com médico de terra para o correto atendimento e prescrição de medicação ao tripulante ? d) O controle de medicamentos está sendo realizado e com acesso restrito ? e) A embarcação é dotada de medicamento e insumos de saúde, estando esses relacionados em uma listagem elaborada pela empresa e com uma pessoa responsável pela guarda e utilização dos mesmos? f) Os medicamentos e insumos de saúde estão acondicionados em local apropriado, de acesso restrito, arejado e protegido de umidade e calor? g) Os procedimentos estão alinhados e compatíveis com o PCMSO elaborado ? | C46: Constatação Visual - Portaria n° 311/DPC- 19/12/ 2014 - NORMAM- 01. - PORTARIA SVS Nº 344 - 12/05/98 - SVS - SECRETARIA DE VIGILÂNCIA SANITÁRIA - MINISTÉRIO DA SAÚDE - Portaria SVS N º 722 de 10/09/98 - - Resolução ANVISA/RDC Nº72 - 29/12/2009 - Resolução ANVISA/RDC Nº10 - 09/02/2012. Os registros de atendimento realizados a bordo, estão bem organizados, legíveis, atualizados e estão disponíveis para consulta a qualquer tempo? | D46: 3 | E46: ✓
A47: Alimentos/ Cozinha / Refeitório | D47: =IF(#REF!=COUNTA(A48:A51),Critério!$B$5,SUMPRODUCT(#REF!,#REF!)/SUM(#REF!)) -> #REF!
A48: 4.9.1 | B48: a) É verificada a temperatura e integridade dos alimentos na recepção e armazenagem destes produtos? b) São realizadas manutenções programadas e periódicas dos equipamentos e utensílios, e calibração dos instrumentos ou equipamentos de medição, mantendo registro da realização dessas operações? | C48: Constatação visual; Registros de inspeção; Registros de monitoramento da temperatura OBS. orientação da ANVISA de 09/11/2016 que em suas considerações finais refere que o termômetro de espeto é o correto. Os infravermelhos são susceptíveis a erros e medem apenas a superfície de alimentos; Procedimento documentado; Certificados. | D48: 3 | E48: ✓
A49: 4.9.2 | B49: Os equipamentos de distribuição dos alimentos estão sob temperatura controlada, adequado estado de higiene, conservados, dimensionados e em bom funcionamento? | C49: Constatação Visual; Checklist; Certificado dedetização, anvisa(controle sanitário); Procedimento documentado. | D49: 3 | E49: ✓
A50: 4.9.3 | B50: a) A câmara de refrigeração ou congelamento de alimentos dispõe de termômetros visíveis e em adequado funcionamento? b) São mantidos registros do monitoramento? c) Existe alarme na câmara de refrigeração para evitar que algum tripulante fique preso inadvertidamente em seu interior? | C50: Registros; Certificado de calibração dos termômetros visíveis. | D50: 3 | E50: ✓
A51: 4.9.4 | B51: A embarcação possui equipamento de trituração de alimentos e balança para pesagem dos alimentos antes do descarte? | C51: Registro de pesagem dos alimentos e descarte no mar; Certificado de calibração da balança. | D51: 3 | E51: ✓

Sheet Elemento 05
A1: ELEMENTO 05 - SEGURANÇA TÉCNICA E EFICIÊNCIA ENERGÉTICA
A3: Requisito | B3: Descrição do Requisito | C3: Evidências para atendimento do item | D3: =IF(#REF!=Critério!$B$5,Critério!$B$5,SUM(IF(D4=Critério!$B$5,100%,D4)*SUM(#REF!),IF(D13=Critério!$B$5,100%,D13)*SUM(#REF!),IF(D23=Critério!$B$5,100%,D23)*SUM(#REF!)))/#REF! -> #REF! | E3: CNC | F3: Comentários do Auditor
A4: Segurança na Navegação | D4: =IF(#REF!=COUNTA(A5:A12),Critério!$B$5,SUMPRODUCT(#REF!,#REF!)/SUM(#REF!)) -> #REF!
A5: 5.1.1 | B5: A empresa marítima designou pessoal de base devidamente qualificado, para ser responsável pelos procedimentos de navegação da companhia? | C5: Registro da designação; Evidências de qualificação do pessoal responsável pelos procedimentos de navegação da companhia. | D5: 3 | E5: ✓
A6: 5.1.2 | B6: A empresa possui procedimentos documentados e sistemática robustos e abrangentes de segurança na navegação e monitoramento de manobras, incluindo atracações, desatracações, navegação e operações com plataformas, visando a antecipar e tratar situações que possam provocar acidentes? | C6: Procedimentos documentados; Definição de procedimento crítico Lista de equipamentos e sistemas versus procedimentos Registros Padrões de manobra dos portos onde a empresa opere | D6: 3 | E6: ✓
A7: 5.1.3 | B7: A empresa possui procedimento documentado e aplica um efetivo Gerenciamento de Passadiço (BRM - Bridge Resource Management)? | C7: Procedimento documentado; Planejamento do trajeto; Identificação de incidentes e desvios; Execução e monitoramento do trajeto; Navegação eletrônica; Cartas náuticas eletrônicas; Relação entre prático e equipe de passadiço; STCW; Reg. A-II/1 for Bridge Resource Management; Reg. A-III/1 for Engine-room Resource Management; Reg. A-II/2 and A-III/2 for Use Leadership and Managerial Skills; Reg. A-II/1, A-III/1 and A-III/6 for Application of Leadership and Teamworking Skills. | D7: 3 | E7: ✓
A8: 5.1.4 | B8: Os equipamentos de navegação estão operacionais? | C8: Verificação na embarcação | D8: 3 | E8: ✓
A9: 5.1.5 | B9: O setor responsável pelos procedimentos de navegação da empresa realiza verificações periódicas nas práticas operacionais, revisando os procedimentos, realizando VCP? | C9: Procedimentos documentados;. Revisões de VCP | D9: 3 | E9: ✓
A10: 5.1.6 | B10: A empresa possui sistema que garanta que só contrate oficiais (imediatos, oficiais, pilotos, chefes) devidamente formados e habilitados pela autoridde marítima? | C10: Verificar sistemática de contratação dos oficiais; | D10: 3 | E10: ✓
A11: 5.1.7 | B11: São realizadas auditorias nas práticas de navegação, atracação, desatracações e operações com unidades marítimas, para verificar conformidade, práticas adequadas, revisando-as quando necessário? | C11: Verificar auditorias realizadas | D11: 3 | E11: ✓
A12: 5.1.8 | B12: Os oficiais (comandantes, imediatos, pilotos) passam periodicamente por treinamentos, e reciclagens, através de simuladores, em consonância com a IMCA 117? | C12: Treinamentos realizados Entrevistas com comandantes, imediatos, pilotos OBS.: Quando este item for classificado como NA, o auditor deverá fazer uma ressalva informando que a empresa não está habilitada para ofertar embarcações com DP. | D12: 3 | E12: ✓
A13: Atividades especializadas - Operações de posicionamento dinâmico (DP) | D13: =IF(#REF!=COUNTA(A14:A22),Critério!$B$5,SUMPRODUCT(#REF!,#REF!)/SUM(#REF!)) -> #REF!
A14: 5.2.1 | B14: A empresa possui um departamento de garantia de DP estruturado? | C14: Apresentação do organograma da empresa; OBS.: Quando este item for classificado como NA, o auditor deverá fazer uma ressalva informando que a empresa não está habilitada para ofertar embarcações com DP. a) Avaliação de competências formais do pessoal chave de DP - IMCA 117; b) Desenvolvimento da matriz de treinamento de pessoal chave de DP; c) Acompanhamento e aplicação da matriz de treinamento desenvolvida; d) Desenvolvimento dos padrões de familiarização específicos para cada embarcação; e) Acompanhamento e aplicação dos padrões de familiarização desenvolvidos; f) Acompanhamento e registro de experiência de cada tripulante em cada tipo de embarcação; g) Desenvolvimento de simulados de emergência em DP; h) Desenvolvimento das matrizes de simulados para cada embarcação; i) Acompanhamento e registro da execução dos simulados de cada tripulante para cada embarcação; j) Criação de um plano de desenvolvimento contínuo do pessoal chave de DP; k) Acompanhamento e aplicação dos planos de desenvolvimento contínuo; l) Desenvolvimento de um programa de avaliação de competência (assessment) do pessoal chave de DP; m) Acompanhamento e aplicação das avaliações de competência do pessoal chave de DP; n) Retroalimentação dos gaps identificados nas avaliações de competência na matriz de treinamento específica do tripulante em questão; o) Rotina de acompanhamento de embarque de tripulantes e garantia de atendimento aos requisitos; p) Gestão da documentação técnica necessária a bordo: FMEA, FMEA Trials, Manual de Operações de DP, Procedimentos Operacionais (Checklists diversos, CAMO, ASOG, Manobras de Emergência), manuais técnicos de equipamentos etc.; q) Acompanhamento da execução de FMEA Trials e DP annual Trials; r) Acompanhamento investigativo de qualquer evento indesejável de DP – qualquer evento, desde uma simples degradação até o evento topo de perda de posicionamento e controle da embarcação; | D14: 3 | E14: ✓
A15: 5.2.2 | B15: As embarcações DP da empresa possuem um manual de operações DP? | C15: Apresentação dos manuais de todas as embarcações. OBS.: Quando este item for classificado como NA, o auditor deverá fazer uma ressalva informando que a empresa não está habilitada para ofertar embarcações com DP. | D15: 3 | E15: ✓
A16: 5.2.3 | B16: As embarcações da empresa possuem um Checklist pré-operacional para garantir a correta configuração da embarcação conforme preconiza a IMO MSC 1580? | C16: Apresentação de pelo menos um Checklist preenchido pelas embarcações da empresa. OBS.: Quando este item for classificado como NA, o auditor deverá fazer uma ressalva informando que a empresa não está habilitada para ofertar embarcações com DP. | D16: 3 | E16: ✓
A17: 5.2.4 | B17: Existe para a embarcação auditada um CAM ASOG para cada tipo de operação e locação (interface com unidade marítima)? | C17: Apresentação do conjunto de CAM ASOG específico por operação da embarcação. OBS.: Quando este item for classificado como NA, o auditor deverá fazer uma ressalva informando que a empresa não está habilitada para ofertar embarcações com DP. | D17: 3 | E17: ✓
A18: 5.2.5 | B18: Existe um programa sob responsabilidade do setor de garantia de DP para auditoria dos checklists pré-operacionais de DP? | C18: Apresentação do programa, cronogramas, auditorias e resultados. | D18: 3 | E18: ✓
A19: 5.2.6 | B19: As contratações de novos tripulantes são feitas com o auxílio e avaliação do setor de garantia de DP? | C19: Apresentação do fluxo de contratação adotado pela empresa. | D19: 3 | E19: ✓
A20: 5.2.7 | B20: O setor de garantia de DP possui um programa de avaliação de competência estruturado contendo minimamente os tópicos abordados abaixo? a) Programa de avaliação e auditoria pela liderança de bordo; b) Programa de auditoria por especialista (externo à embarcação) em operações (náutica e máquinas) à bordo das embarcações; c) Provas e simulados para verificação de competências. | C20: Apresentação do programa, cronograma e resultados. | D20: 3 | E20: ✓
A21: 5.2.8 | B21: O setor de garantia de DP controla os processos relacionados FMEAS, FMEA Trials e DP Annual Trials. a) Acompanhar a execução dos testes de FMEA Trials e garantir a solução das não conformidades encontradas durantes os testes; b) Supervisionar os testes de DP Annual Trials, garantindo sua melhor execução e resolução das não conformidades encontradas; c) Desenvolver uma matriz de acompanhamento de execução de FMEA Trials e DP Annual Trials pelos tripulantes. | C21: Apresentação das atribuições do setor de garantia de DP, avaliação do modelo de gestão de FMEA Trials e DP Annual Trials. Avaliar e apresentar ao menos 3 FMEAS para verificação de excelência. Auditar a quitação de itens não conformes encontrados no último DP Annual Trials de 3 embarcações. | D21: 3 | E21: ✓
A22: 5.2.9 | B22: Os FMEAS das embarcações apresentam minimamente os seguintes itens: i. Modo de Falha ii. Causas iii. Probabilidade iv. Efeito Local v. Efeito Final vi. Criticidade | C22: a) A embarcação DP é submetida ao teste do sistema DP a cada 5 anos? b) Existe a verificação do quanto o FMEA atual se diferencia do Inicial, assim como são determinados os ajustes no sistema e equipamentos que devem ser feitos a fim de tornar o sistema DP ao estado de intacto, confiável? (IMCA 166) OBS.: Quando este item for classificado como NA, o auditor deverá fazer uma ressalva informando que a empresa não está habilitada para ofertar embarcações com DP. | D22: 3 | E22: ✓
A23: BAIXO CARBONO | D23: =IF(#REF!=COUNTA(A24:A29),Critério!$B$5,SUMPRODUCT(#REF!,#REF!)/SUM(#REF!)) -> #REF!
A24: 5.3.1 | B24: a) A empresa está com sistemática estabelecida para acompanhamento dos gases de efeito estufa (GEE), seguindo o estabelecido na ISO 14064, se pautando nos 05 (cinco) princípios da ABNT NBR ISO 14064-1 e ABNT NBR ISO 14064-2 , a serem: relevância, integralidade, consistência, precisão, transparência e conservadorismo? b) A empresa está com seu inventário atualizado sobre a emissão de Gases de Efeito Estufa? c) Existe a Mensuração, publicação de inventário de emissão de gases de efeito estufa pela frota de embarcações, e verificação por uma terceira parte independente, conforme os critérios do Programa Brasileiro GHG Protocol em http://www.ghgprotocolbrasil.com.br/especificacoes-de-verificacao/?locale=pt-br ou entidade reconhecida internacionalmente”; | C24: Procedimentos da ISO 14064; Protocolos do Programa Brasileiro GHG. | D24: 3 | E24: ✓
A25: 5.3.2 | B25: A política de proteção ambiental e o plano de gestão estão em vigor e contemplam ações de longo prazo, metas específicas de redução de emissões ? | C25: Verificar política de proteção ambiental e implementação de um plano de gestão ambiental. | D25: 3 | E25: ✓
A26: 5.3.3 | B26: Foram sistematicamente identificadas todas as fontes de emissões marinhas e atmosféricas atribuíveis às atividades da empresa e da embarcação? | C26: Mapeamento das fontes. | D26: 3 | E26: ✓
A27: 5.3.4 | B27: A empresa adota medidas técnicas/de engenharia em suas embarcações, que comprovem a redução das emissões de CO2 e de consumo de diesel? | C27: Verificar procedimentos e implementação das medidas determinadas. | D27: 3 | E27: ✓
A28: 5.3.5 | B28: O plano de gestão ambiental inclui a gestão de combustível, (garantir conformidade regulamentar, eficiência energética e emissões reduzidas), com uso eficiente de energia e inclui ações de desempenho ambiental? | C28: Verificar o plano de gestão ambiental e ações implementadas. | D28: 3 | E28: ✓
A29: 5.3.6 | B29: A empresa explora novas idéias e novas tecnologias, e se engaja em parcerias tecnológicas relacionadas à performance de atuação relacionada ao desempenho ambiental? | C29: Verificar participações em eventos, seminários, parcerias existentes. | D29: 3 | E29: ✓

Sheet Elemento 06
A1: ELEMENTO 06 - MANUTENÇÃO E CONFIABILIDADE DE EMBARCAÇÕES
A3: Requisito | B3: Descrição do Requisito | C3: Evidências para atendimento do item | D3: =D4 -> #REF! | E3: CNC | F3: Comentários do Auditor
A4: Manutenção Corretiva e Preventiva | D4: =IF(#REF!=COUNTA(A5:A27),Critério!$B$5,SUMPRODUCT(#REF!,#REF!)/SUM(#REF!)) -> #REF!
A5: 6.1.1 | B5: Toda embarcação da empresa é coberta por um sistema de manutenção planejado e o inventário de peças sobressalentes (estoque mínimo, pontos de ressuprimento) existente reflete a estratégia de manutenção da empresa? | C5: Sistema de manutenção; Inventário de sobressalentes; Registros de manutenção; Procedimento. | D5: 3 | E5: ✓
A6: 6.1.2 | B6: A empresa possui uma estrutura adequada de Gestão de Manutenção, com responsável técnico designado, compatível com o porte de sua frota, com pessoal qualificado, habilitado e experiente? | C6: Organograma, currículos, entrevistas, A empresa possui um setor de manutenção estruturado minimamente conforme os itens apresentados abaixo? a) Organograma no qual todo o setor de manutenção é organizado; b) Papéis e responsabilidades dos colaboradores em seus níveis hierárquicos; c) Todos os processos sob responsabilidade do setor de manutenção de forma generalizada; d) Apresentação (no padrão ou em padrão anexo) dos processos de: i. Manutenções Preventivas; ii. Políticas de postergação; iii. Controle de parâmetros operacionais iv. Análises Preditivas; v. Manutenções corretivas; vi. Failure Reports; e) Apresentar os equipamentos críticos padrão de uma embarcação (no Padrão ou padrão anexo); f) Apresentar os indicadores de desempenho; g) Apresentar os modelos de controle utilizados para garantia de integridade das embarcações (auditorias, inspeções, testes periódicos, monitoramento on line); | D6: 3 | E6: ✓
A7: 6.1.3 | B7: A empresa possui procedimento documentado e grupo de inspeção estruturado a fim de avaliar a integridade dos equipamentos e instalações da embarcação, verificando a aderência destes ao contrato, Normas, Legislação, manual do fabricante e outros? | C7: Calendário de inspeções; Não conformidades identificadas; Tratamento das não conformidades; Resultado de testes; Procedimento Documentado. | D7: 3 | E7: ✓
A8: 6.1.4 | B8: A empresa possui e implementou procedimento de garantia da qualidade e precisão de informações estatutárias e de certificados das Sociedades Classificadoras? | C8: Procedimento e registros | D8: 3 | E8: ✓
A9: 6.1.5 | B9: A empresa possui sistema informatizado de manutenção abrangendo as embarcações de sua frota, incorporando todas as tarefas de manutenção e report de defeitos e o sistema possui integridade contra adulterações de registros? | C9: Apresentação do sistema informatizado | D9: 3 | E9: ✓
A10: 6.1.6 | B10: A empresa possui sistemática de auditorias de engenharia de manutenção e inspeção dos equipamentos/embarcação com pessoal qualificado e experiente? | C10: Relatórios de auditoria | D10: 3 | E10: ✓
A11: 6.1.7 | B11: A liderança estabeleceu e monitora indicadores de performance da confiabilidade de cada embarcação e da frota como um todo, abrangendo operacionalidade, status das manutenções, controle de pendências e compatíveis com expectativa dos clientes? | C11: Indicadores, metas, registros de acompanhamento de performance O setor manutenção possui indicadores que reflitam o exposto abaixo? a) Índice de falhas em operação por hora trabalhada; b) Índice de causas raízes investigadas por falha; c) Índice de não conformidades preditivas por embarcação; d) Índice de desvios de parâmetros operacionais por embarcação; e) Índice de análise de risco realizadas por manutenções em atraso | D11: 3 | E11: ✓
A12: 6.1.8 | B12: 1) Existe plano de manutenção preventiva e corretiva dos diversos equipamentos e sistemas? Obs.: Verificar como amostragem equipamentos definidos como críticos. | C12: a) Procedimentos documentados b) Registros de manutenção c) Atendem as orientações da NR 12 e da NR 34 em relação a Manutenção e Inspeção de equipamentos? d) As manutenções estão sendo realizadas dentro do prazo estabelecido, de acordo com orientações do fabricante ou especificações técnicas vigentes? e) Os registros possuem informações detalhadas sobre as manutenções realizadas (data, peças trocadas, serviços realizados, condições de segurança do equipamento e nome do profissional qualificado)? | D12: 3 | E12: ✓
A13: 6.1.9 | B13: A empresa utiliza uma sistemática remota de Avaliação (via software de acompanhamento, sistema via de satélite) que permita acompanhamento pelas equipes Onshore de forma ágil para tratamento ou verificação imediata de problemas? | C13: Sistema utilizado Tratamentos críticos realizados | D13: 3 | E13: ✓
A14: 6.1.10 | B14: a) O plano de manutenção e inspeção inclui os elementos críticos de segurança operacional? b) Todos os equipamentos e sistemas críticos de segurança operacional possuem procedimentos documentados de inspeção e manutenção? c) Estão sendo realizadas dentro do prazo estabelecido? d) Inclui os equipamentos da NORMAM 01, anexo 15C, item 22? e) A empresa realiza uma análise dos resultados de testes e desempenho para todos os equipamentos e sistemas críticos? | C14: Procedimento documentado; Registros de manutenção; Relação de equipamentos críticos; Verificar se manutenção programada está sendo cumprida. | D14: 3 | E14: ✓
A15: 6.1.11 | B15: Existe uma sistemática implementada de calibração e ajustes de equipamentos críticos? | C15: Procedimentos documentados; Registros dos certificados; Os certificados estão disponíveis e dentro da validade? Existe registro do erro aceitável conforme estabelecidos em padrões e ou manuais técnicos dos fabricantes ? | D15: 3 | E15: ✓
A16: 6.1.12 | B16: As manutenções e inspeções do sistema DP estão programadas e sendo realizadas? | C16: Registros de inspeção e manutenção Plano de manutenção | D16: 3 | E16: ✓
... A27: 6.1.23 | B27: Existe procedimento definindo que os equipamentos e acessórios desativados, temporariamente fora de operação ou não utilizados constantemente (ex: equipamentos de emergência, salvatagem, movimentação de cargas), estão cobertos pelo plano de manutenção, visando futura operação de forma segura? | C27: Procedimento documentado; Registros; Constatação visual. | D27: 3 | E27: ✓

Sheet Elemento 07
A1: ELEMENTO 07 - GESTÃO DE MUDANÇAS
A3: Requisito | B3: Descrição do Requisito | C3: Evidências para atendimento do item | D3: =D4 -> #REF! | E3: CNC | F3: Comentários do Auditor
A4: Mudança de Tecnologias/Processos/Equipamentos/Pessoas | D4: =IF(#REF!=COUNTA(A5:A18),Critério!$B$5,SUMPRODUCT(#REF!,#REF!)/SUM(#REF!)) -> #REF!
A5: 7.1.1 | B5: A empresa possui procedimentos e registros de gestão de mudanças em operações, processos, instalações, equipamentos, pessoas e tecnologias. | C5: Procedimento; Relação de todos os registros de mudanças; Avaliação de mudanças em campo; Sistemática de comunicação aos interessados; Verificar a realização de treinamentos mapeados na GM; Verificar a implementação das ações; As mudanças foram aprovadas por liderança designada e seus registros estão disponíveis, conforme procedimento? Evidenciar que a gestão de mudanças serve de gatilho para atualização de procedimentos, análises de risco, manuais técnicos; A liderança da empresa monitora e acompanha o status da implementação das mudanças na base e a bordo? OBS.: A empresa aplica gestão de mudanças quando há alteração na frota? | D5: 3 | E5: ✓
A6: 7.1.2 | B6: a) Para todas as mudanças realizadas na empresa, foram realizadas as avaliações de risco? | C6: Relação de todas as mudanças, com registros da avaliação de riscos e aprovação por liderança competente | D6: 3 | E6: ✓
A7: 7.1.3 | B7: A gestão de mudanças na empresa identifica todas as pessoas afetadas pela mudança e garante que as mesmas tenham conhecimento e entendimento das alterações? | C7: Lista de pessoas afetadas na gestão de mudanças e entrevista com pessoal | D7: 3 | E7: ✓
A8: 7.1.4 | B8: A gestão de mudanças na empresa identifica todos os treinamentos necessários para a realização das mudanças e os mesmos foram realizados? | C8: Lista de pessoas afetadas na gestão de mudanças, registros de treinamentos e entrevista com pessoal | D8: 3 | E8: ✓
A9: 7.1.5 | B9: A gestão de mudança de pessoas contempla: mudança de função, alteração de área em que o funcionário está lotado, alteração de atuação da embarcação, substituição de funções críticas de SMS que foram mapeados, abrangendo pelo menos: I) plano de emergência; II) padrões de execução da atividade que irá exercer; III) histórico dos principais acidentes ocorridos na instalação/atividade? IV) treinamentos ou retreinamentos relacionados à mudança. | C9: Procedimento documentado Registros de mudanças | D9: 3 | E9: ✓
A10: 7.1.6 | B10: A gestão de mudanças na empresa identifica todos os procedimentos documentados e manuais que precisam ser atualizados? | C10: Lista de mudanças realizadas e procedimentos documentados alterados | D10: 3 | E10: ✓
A11: 7.1.7 | B11: Toda modificação de equipamento crítico (ex: DP, integridade da embarcação, equipamentos de movimentação de carga, motores, tanques, sistemas de emergência, etc.) são precedidas de gestão de mudanças devidamente aplicada? | C11: Lista de modificações de equipamentos críticos; visita a bordo; registros de mudança | D11: 3 | E11: ✓
A12: 7.1.8 | B12: São avaliados os riscos da mudança quando da solicitação de cessão de embarcações entre unidades ou gerências da Petrobras considerando a atividade, local de realização e dos procedimentos da unidade ou gerência requisitante? | C12: Registros de mudanças Estudos e aprovações formalizadas | D12: 3 | E12: ✓
A13: 7.1.9 | B13: a) A liderança da empresa monitora e acompanha o status da implementação das mudanças na base e a bordo? b)Toda mudança não realizada dentro do prazo é reavaliada, revalidada e aprovada? | C13: Registros de acompanhamento; registros de mudanças | D13: 3 | E13: ✓
A14: 7.1.10 | B14: A empresa aplica gestão de mudanças quando há alteração na frota ? | C14: Registros de acompanhamento; registros de mudanças envolvendo as embarcações novas no último ciclo | D14: 3 | E14: ✓
A15: 7.1.11 | B15: Na ocasião de acesso de novos tripulantes nas embarcações (na admissão ou mudança de embarcação ou na mudança de função), são realizadas as gestões de mudanças de pessoas? | C15: Registros de mudanças e entrevistas | D15: 3 | E15: ✓
A16: 7.1.12 | B16: A empresa possui software ou programa informatizado para execução das gestões de mudança na frota e na base? | C16: Software com registros de mudanças nas embarcações e na frota | D16: 3 | E16: ✓
... A18: 7.1.14 | B18: Os procedimentos de mudança da empresa, prevêem o aprendizado com as mudanças realizadas nos projetos de novas embarcações ou aquisições de embarcações? | C18: Procedimento documentado e registros de mudança | D18: 3 | E18: ✓

Sheet Elemento 08
A1: ELEMENTO 08 - AQUISIÇÃO DE BENS E SERVIÇOS
A3: Requisito | B3: Descrição do Requisito | C3: Evidências para atendimento do item | D3: =D4 -> #REF! | E3: CNC | F3: Comentários do Auditor
A4: Aquisição de Bens e Serviços | D4: =IF(#REF!=COUNTA(A5:A15),Critério!$B$5,SUMPRODUCT(#REF!,#REF!)/SUM(#REF!)) -> #REF!
A5: 8.1.1 | B5: A empresa possui sistemática de auditorias periódicas de todos os fornecedores de bens e serviços, considerando aspectos de SMS, de segurança operacional e legislação? | C5: Procedimento documentado; Relação de empresas contratadas/subcontratadas com respectivas notas ou conceitos de avaliação; Relatórios de Auditorias em fornecedores. | D5: 3 | E5: ✓
A6: 8.1.2 | B6: A empresa realiza pré-qualificação de fornecedores e avalia a competência técnica, habilitações e qualificação dos profissionais e fornecedores contratados que executarão serviços críticos a bordo? Obs: Exemplos de serviços e bens críticos: movimentação de cargas, motores, propulsores, integridade, sistemas DP, equipamentos de emergência e segurança, integridade, elétrica, tubulações, produtos perigosos, movimentação de combustíveis, ferramentas e outros que possam provocar acidentes graves. | C6: Relação dos fornecedores contratados ao longo do ciclo | D6: 3 | E6: ✓
A7: 8.1.3 | B7: Todos os serviços e bens contratados ao longo do ciclo anual, em especial os serviços e bens críticos foram junto a fornecedores devidamente aprovados na pré-qualificação da empresa marítima? | C7: Relação dos serviços críticos contratados ao longo do ciclo Relatório de auditorias | D7: 3 | E7: ✓
A8: 8.1.4 | B8: Para todos os serviços realizados ao longo do ciclo anual, todos os fornecedores de bens e serviços e seus respectivos profissionais estavam devidamente regularizados nos órgãos de controle e legalmente habilitados (PLH) conforme Normas Regulamentadoras? | C8: Relação dos serviços críticos contratados ao longo do ciclo Relatório de auditorias | D8: 3 | E8: ✓
A9: 8.1.5 | B9: Nos contratos firmados entre a empresa marítima e seus fornecedores, estão estabelecidos requisitos de qualidade, aceitação, conformidade legal, formas de fiscalização da contratante e responsabilidade de SMS e Segurança Operacional? | C9: Relação dos serviços e bens Contratos | D9: 3 | E9: ✓
A10: 8.1.6 | B10: A gestão de base e equipe de bordo efetivamente fiscalizam a execução de serviços e aquisição de bens? | C10: Registros de fiscalização Entrevistas a bordo | D10: 3 | E10: ✓
A11: 8.1.7 | B11: A empresa possui sistemática para avaliar, periodicamente, o atendimento aos requisitos de SMS e de segurança operacional, além das exigências legais, dos fornecedores de bens e serviços adquiridos? São avaliados as questões de prestação de serviço em DP e o correto levantamento de equipamentos críticos existentes ? As empresas estão em dia com suas certificações ? | C11: Procedimento documentado Avaliação do Fornecedor Auditoria no Fornecedor Verificar levantamento de equipamentos críticos Verificar Check list importantes para verificação de DP; Verificar certificações atualizadas. | D11: 3 | E11: ✓
A12: 8.1.8 | B12: A empresa possui sistematica implementada para avaliação/aprovação dos serviços executados pelos seus fornecedores? | C12: Procedimento documentado Avaliação do Fornecedor Auditoria no Fornecedor | D12: 3 | E12: ✓
A13: 8.1.9 | B13: A empresa marítima monitora e analisa o desempenho de qualidade, performance técnica e de Segurança dos fornecedores? | C13: a) Sistemática de reconhecimento; b) No caso de desempenho aquém do estabelecido pela empresa marítima, ações são tomadas? Exemplo de desempenho abaixo do adequado: taxa de acidentes/incidentes fora dos limites, quebras de motores devido serviços mal executados. c) Registros de monitoramento e análise de desempenho de fornecedores. | D13: 3 | E13: ✓
A14: 8.1.10 | B14: Considerando o caso em que uma empresa opera uma embarcação de outra empresa, ou que a EBN recebe uma prestação de serviço em sua embarcação: a) A contratação prevê ações de SMS entre as empresas? b) A matriz de responsabilidades entre as empresas está definida de forma clara e implementada à bordo? c) Os procedimentos estão alinhados? d) Há periodicamente uma análise? e) Existe uma comunicação, em um linguajar apropriado, e a acessibilidade às Políticas, padrões e objetivos de SMS? | C14: Procedimentos documentados Matriz de responsabilidades Contratos Acordos firmados Termos de compromissos Work Agreement Bridge Documents (muito importante avaliar este requisito, pois deve reger a relação entre as empresa) | D14: 3 | E14: ✓
A15: 8.1.11 | B15: Na contração de bem ou serviço, a empresa: a) Prevê ações de SMS? b) Os procedimentos estão alinhados? c) Há periodicamente uma análise? d) Existe uma comunicação, em um linguajar apropriado, e a acessibilidade às Políticas, padrões e objetivos de SMS incluindo os subcontratados? | C15: Procedimentos documentados Matriz de responsabilidades Contratos Ordem de serviço Acordos firmados Termos de compromissos | D15: 3 | E15: ✓

Sheet Elemento 09
A1: ELEMENTO 09 - GESTÃO DE RECURSOS HUMANOS
A3: Requisito | B3: Descrição do Requisito | C3: Evidências para atendimento do item | D3: =IF(#REF!=Critério!$B$5,Critério!$B$5,SUM(IF(D4=Critério!$B$5,100%,D4)*SUM(#REF!),IF(D10=Critério!$B$5,100%,D10)*SUM(#REF!),IF(D19=Critério!$B$5,100%,D19)*SUM(#REF!),IF(D25=Critério!$B$5,100%,D25)*SUM(#REF!),IF(D28=Critério!$B$5,100%,D28)*SUM(#REF!),IF(D31=Critério!$B$5,100%,D31)*SUM(#REF!)))/#REF! -> #REF! | E3: CNC | F3: Comentários do Auditor
A4: Recrutamento e Gerenciamento de Pessoal da Base | D4: =IF(#REF!=COUNTA(A5:A9),Critério!$B$5,SUMPRODUCT(#REF!,#REF!)/SUM(#REF!)) -> #REF!
A5: 9.1.1 | B5: A empresa implementou sistema de recrutamento de pessoas de tal forma que candidatos a posições chave na base da empresa possuam as qualificações, competência e experiência apropriadas para o cargo? | C5: Procedimento de recrutamento Registros de aplicação do processo de recrutamento para posições chave (ex: gerente de operação, SMS, manutenção, DP Authority, etc.) | D5: 3 | E5: ✓
A6: 9.1.2 | B6: Existe sistemática implementada de familiarização? Exemplos: marinheiros e oficiais. | C6: a) procedimento da sistemática; b) registros de familiarização. | D6: 3 | E6: ✓
A7: 9.1.3 | B7: A empresa implementou um sistema formal de avaliação de pessoal que garante que os colaboradores sejam submetidos a uma avaliação de desempenho pelo menos anualmente, para as questões de SMS e segurança da operação? | C7: Procedimento documentado, registros de avaliação | D7: 3 | E7: ✓
A8: 9.1.4 | B8: Os profissionais da empresa tem participação em fóruns, seminários e conferências da indústria, em busca de conhecimento das melhores práticas do mercado marítimo? | C8: Registros de participação. | D8: 3 | E8: ✓
A9: 9.1.5 | B9: A empresa possui uma estrutura de Gestão de SMS, para implementar e manter seu sistema de gestão? | C9: a) Organograma no qual todo o setor de SMS é organizado; b) Papéis e responsabilidades dos colaboradores em seus níveis hierárquicos; | D9: 3 | E9: ✓
A10: Recrutamento e Gerenciamento de Pessoal de Bordo | D10: =IF(#REF!=COUNTA(A11:A18),Critério!$B$5,SUMPRODUCT(#REF!,#REF!)/SUM(#REF!)) -> #REF!
A11: 9.2.1 | B11: A empresa possui e implementou processo de seleção, recrutamento e promoção de pessoal de bordo? | C11: Procedimento documentado; Registros. | D11: 3 | E11: ✓
A12: 9.2.2 | B12: Todo o pessoal de bordo possui certificados válidos em conformidade com Flag State e autoridades marítimas? | C12: Procedimento documentado; Registros; Certificados. | D12: 3 | E12: ✓
A13: 9.2.3 | B13: a) Há sistemática de familiarização formal para os colaboradores novos de embarcação ou de mudança de função? b) Para estes colaboradores, está estruturado um programa de familairzação em suas atribuições em SMS? | C13: Procedimento documentado; Registros. | D13: 3 | E13: ✓
A14: 9.2.4 | B14: A empresa implementou um sistema formal de avaliação de pessoal garante que os profissionais de bordo sejam submetidos a avaliações de desempenho pelo menos anualmente, em especial quanto a sua atuação em SMS? | C14: Procedimento documentado; Registros. | D14: 3 | E14: ✓
A15: 9.2.5 | B15: O quadro de profissionais atuantes em manutenção de equipamentos de movimentação de cargas é qualificado e/ou habilitado? | C15: Registros do quadro de profissionais; Evidência de capacitação e qualificação; | D15: 3 | E15: ✓
A16: 9.2.6 | B16: O quadro de profissionais atuantes em inspeção/ certificação de equipamentos de movimentação de cargas é qualificado e/ou habilitado? | C16: Registros do quadro de profissionais; Evidência de capacitação e qualificação; | D16: 3 | E16: ✓
A17: 9.2.7 | B17: Os profissionais atuantes em manutenção de equipamentos de movimentação de cargas são capacitados quanto aos riscos e perigos relacionados a atuação? | C17: Registros do quadro de profissionais; Evidência de capacitação e qualificação; | D17: 3 | E17: ✓
A18: 9.2.8 | B18: Os profissionais atuantes em inspeção de equipamentos de movimentação de cargas são capacitados quanto aos riscos e perigos relacionados a atuação? | C18: Registros do quadro de profissionais; Evidência de capacitação e qualificação. | D18: 3 | E18: ✓
A19: Treinamentos | D19: =IF(#REF!=COUNTA(A20:A24),Critério!$B$5,SUMPRODUCT(#REF!,#REF!)/SUM(#REF!)) -> #REF!
A20: 9.3.1 | B20: A empresa possui sistemática implementada que garanta que seus profissionais são treinados na operação em seus locais de trabalho? | C20: Verificação no campo; Sistema Tutoria; Evidência de treinamento nas instruções de trabalho. | D20: 3 | E20: ✓
A21: 9.3.2 | B21: A empresa possui uma sistemática implementada que garanta que os tripulantes da empresa que operam equipamentos de posicionamento dinâmico (DP) estão devidamente qualificados e habilitados, conforme normas IMCA, IMO e de autoridades marítimas, incluindo cursos de reciclagem? | C21: Procedimento documentado; Certificado de curso; Log Book. | D21: 3 | E21: ✓
A22: 9.3.3 | B22: O pessoal envolvido com operação do sistema de posicionamento dinâmico está familiarizado com as suas atribuições específicas e com todo o arranjo, instalações, equipamentos, procedimentos e características da embarcação e das rotinas e situações de emergência, conforme contido na publicação IMCA M 117 e no item 1.5 da regra I/14 da Convenção STCW/1978, como emendada? | C22: Certificado de capacitação; Entrevista. | D22: 3 | E22: ✓
A23: 9.3.4 | B23: A empresa possui procedimento documentado de avaliação de eficácia dos treinamentos realizados, incluindo tempo pós treinamento para verificação, avaliação pelo superior imediato se o treinamento foi efetivo, dentre outros? | C23: Registros de avaliação (não considerar apenas avaliação de reação para atendimento ao requisito) Plano de Ação Entrevistas com a força de trabalho para verificar se as pessoas capacitadas, treinadas e conscientizadas têm conhecimentos dos perigos, ações de controles, normas e procedimentos documentado para realizar o trabalho adotando medidas de SMS e segurança operacional. | D23: 3 | E23: ✓
A24: 9.3.5 | B24: a) A empresa possui equipe de suporte psicológico, que executa avaliação do estado psicológico e emocional no admissional/periódico que torna apto o trabalhador para as atividades a bordo das embarcações? b) Existe sistemática para apoio dos trabalhadores quando estão com pressões psicológicas devido a atividade ou vindas de situações externas (família etc)? c) Existe sistemática de avaliação dos trabalhadores das embarcações pós-acidentes? | C24: Avaliação psicológica periódica ASO admissional e periódico contemplando exame psicológico Procedimentos documentados, Fluxos de Comunicação Registros Entrevistas com a força de trabalho | D24: 3 | E24: ✓
A25: Simuladores | D25: =IF(#REF!=COUNTA(A26:A27),Critério!$B$5,SUMPRODUCT(#REF!,#REF!)/SUM(#REF!)) -> #REF!
A26: 9.4.1 | B26: a) O programa de treinamentos de Comandantes, Imediatos e Oficiais contempla o uso de simuladores de operações marítimas e envolve o uso de DP? b) Está estabelecido uma reciclagem periódica em simuladores para os Comandantes e Imediatos? | C26: Procedimento documentado; Constatação visual; Registros de Treinamento; Entrevistas com a força de trabalho. São exemplos de simuladores: SIAGRA, SINDIMAR, outros. Obs.:Podem ser substituídos por treinamentos práticos (IMCA 117). Verificar: a) Se inclui treinamentos de atracação, desatracação, aproximação em diversos portos e instalações marítimas, padrões de manobra da Petrobras (Guia de Operação entre Embarcações e Unidades Marítimas) e padrões de manobras da empresa. b) Registros de Treinamento | D26: 3 | E26: ✓
A27: 9.4.2 | B27: a) Entre a admissão e o início das atividades de um novo colaborador, em movimentações internas e periodicamente, o uso de simuladores de operações marítimas é uma das formas de avaliação dos Comandantes, Imediatos e Pilotos? b) Existe sistemática de reciclagem periódica dos treinamentos realizados nos simuladores? | C27: Procedimento documentado; Matriz de Treinamento; Registros de Treinamento; Entrevistas com a força de trabalho. Verificar: se o comandante e quaisquer oficiais responsáveis pela condução deste tipo de embarcação, com menos de 2 anos de experiência, estão sem treinamento formal, ou se o tipo de operação / manobra é novo para eles. | D27: 3 | E27: ✓
A28: Gestão de Recursos Humanos | D28: =IF(#REF!=COUNTA(A29:A30),Critério!$B$5,SUMPRODUCT(#REF!,#REF!)/SUM(#REF!)) -> #REF!
A29: 9.5.1 | B29: Estão disponíveis formas de entretenimento para a tripulação e meios de comunicação disponíveis da tripulação com a família? | C29: Televisão, rádio, jogos, jornais, revistas, livros, internet, etc. | D29: 3 | E29: ✓
A30: 9.5.2 | B30: A empresa possui e implementou sistemática de acompanhamento de rotatividade de pessoal, com indicadores, metas e gestão de SMS sobre este tema? | C30: Procedimento documentado; Entrevistas de desligamento; Registros; Indicadores; Plano de Ação. | D30: 3 | E30: ✓
A31: Fatores Humanos | D31: =IF(#REF!=COUNTA(A32:A33),Critério!$B$5,SUMPRODUCT(#REF!,#REF!)/SUM(#REF!)) -> #REF!
A32: 9.6.1 | B32: a) A empresa estabelece uma sistemática para implementação de um programa de Fatores Humanos na empresa, prevendo as dimensões desta matéria no campo Tecnológico, Ambiental, Organizacional e de Fatores Individuais? b) A empresa possui algum especialista em Fatores Humanos que participa de fóruns externos sobre o tema? c) A empresa tem estabelecido uma sistemática de treinamento em Fatores Humanos? d) A empresa tem utilizado técnicas de investigação de acidentes/incidentes voltado para as questões de Fatores Humanos? | C32: Programa de Fatores Humanos;. Treinamentos realizados sobre o tema: Evidência de especialista na área ou terceirizado que presta este serviço de uma forma sistematizada); Investigação e análise de acidentes contemplando fatores humanos. | D32: 3 | E32: ✓
A33: 9.6.2 | B33: A empresa possui sistemática implementada que garanta que os oficiais de náutica e máquinas, formados a partir de 2022, já possuem anotação do curso CRM (Crew Resource Management) no Certificado de Competência, referência STCW. EGPO (Curso de Gerenciamento de Passadiço para Oficiais) | C33: Apresentação de Certificado de Competência com esta anotação. | D33: 3 | E33: ✓

Sheet Elemento 10
A1: ELEMENTO 10 - GESTÃO DA INFORMAÇÃO & COMUNICAÇÃO
A3: Requisito | B3: Descrição do Requisito | C3: Evidências para atendimento do item | D3: =IF(#REF!=Critério!$B$5,Critério!$B$5,SUM(IF(D4=Critério!$B$5,100%,D4)*SUM(#REF!),IF(D8=Critério!$B$5,100%,D8)*SUM(#REF!),IF(D10=Critério!$B$5,100%,D10)*SUM(#REF!)))/#REF! -> #REF! | E3: CNC | F3: Comentários do Auditor
A4: Controle de Documentos | D4: =IF(#REF!=COUNTA(A5:A7),Critério!$B$5,SUMPRODUCT(#REF!,#REF!)/SUM(#REF!)) -> #REF!
A5: 10.1.1 | B5: A empresa evidenciou que atende o item 1.6 - Da prestação de informação digital e digitalização de documentos, em conformidade com a Norma Regulamentadora NR-1? | C5: Registros apresentados ao longo do ciclo e auditoria, em conformidade com o item 1.6 da NR-1 | D5: 3 | E5: ✓
A6: 10.1.2 | B6: A empresa possui sistema e procedimento implementado de controle de documentos de gestão de SMS (ex: Documentos internos e documentos externos; Rastreabilidade entre os anexos e os formulários aos seus respectivos procedimentos de origem; Distribuição dos procedimentos via cópias controladas e não controladas; Histórico e periodicidade de revisão dos procedimentos). | C6: Procedimento documentado Rastreabilidade dos anexos e formulários aos seus respectivos procedimentos documentados Ausência de falhas entre lista mestra e versões dos procedimentos documentados Ausência de uso de documentos internos e externos obsoletos Documentos dentro da validade estabelecida em procedimento documentado | D6: 3 | E6: ✓
A7: 10.1.3 | B7: O manual de operação dos principais equipamentos está disponível a bordo e em idioma entendido por seus usuários (Convenção SOLAS - Parte C - Regra 26)? | C7: Procedimentos documentado Documentos e registros | D7: 3 | E7: ✓
A8: Controle de Registros | D8: =IF(#REF!=COUNTA(A9),Critério!$B$5,SUMPRODUCT(#REF!,#REF!)/SUM(#REF!)) -> #REF!
A9: 10.2.1 | B9: A empresa apresentou sistemas e procedimentos de controle de registros adequado (contendo minimamente identificação, armazenamento, grau de proteção, indexação, retenção, descarte)? | C9: Registros / Tabelas de controle, indicando: a) Identificação (nome dos registros); b) Armazenamento (local de guarda dos registros); c) Proteção (forma de proteção dos registros); d) Indexação (forma de ordenação dos registros); e) Retenção (prazo de guarda dos registros); f) Descarte de registros (forma de descarte após concluído o prazo de guarda); g) Legíveis e preenchidos? | D9: 3 | E9: ✓
A10: Comunicação | D10: =IF(#REF!=COUNTA(A11:A14),Critério!$B$5,SUMPRODUCT(#REF!,#REF!)/SUM(#REF!)) -> #REF!
A11: 10.3.1 | B11: A empresa possui e implementou a sistemática do "NA DÚVIDA, PARE!", na qual qualquer membro da força de trabalho tem autoridade para interromper operação que avaliar insegura? | C11: Procedimento documentado Registros de comunicação como, por exemplo: Clientes, Comunidades, Órgãos Ambientais, Capitania dos Portos, ANVISA, etc. Fluxo de comunicação | D11: 3 | E11: ✓
A12: 10.3.2 | B12: A empresa possui Ouvidoria, SAC ou similar, de tal forma que receba e trate informações relacionadas a uns dos temas: denúncias, elogios, opiniões, sugestões e dúvidas da força de trabalho, contratados, visitantes e demais partes interessadas em relação a segurança ocupacional e operacional? | C12: Procedimento documentado Entrevistas com trabalhadores Caixas de sugestão Registros | D12: 3 | E12: ✓
A13: 10.3.3 | B13: A empresa marítima possui prática de realização da "escuta ativa" ou similar, de tal forma a periodicamente comunicar e coletar informações da força de trabalho, visando a melhoria do sistema de gestão da empresa? | C13: Entrevistas com trabalhadores Registros | D13: 3 | E13: ✓
A14: 10.3.4 | B14: A empresa possui e implementa sistemática de comunicar e registrar junto à base operacional da contratada e a fiscalização do cliente, sobre quaisquer panes, falhas na embarcação ou anomalia? | C14: Procedimento documentado Constatação durante operação Ausência de acidentes e incidentes provocados por falhas na comunicação e documentação Entrevistas com a força de trabalho | D14: 3 | E14: ✓

Sheet Elemento 11
A1: ELEMENTO 11 - PREPARAÇÃO E RESPOSTAS À EMERGÊNCIAS
A3: Requisito | B3: Descrição do Requisito | C3: Evidências para atendimento do item | D3: =IF(#REF!=Critério!$B$5,Critério!$B$5,SUM(IF(D4=Critério!$B$5,100%,D4)*SUM(#REF!),IF(D13=Critério!$B$5,100%,D13)*SUM(#REF!),IF(D17=Critério!$B$5,100%,D17)*SUM(#REF!)))/#REF! -> #REF! | E3: CNC | F3: Comentários do Auditor
A4: Plano de Contingência | D4: =IF(#REF!=COUNTA(A5:A12),Critério!$B$5,SUMPRODUCT(#REF!,#REF!)/SUM(#REF!)) -> #REF!
A5: 11.1.1 | B5: A empresa possui uma sistemática implementada para elaboração dos planos de resposta à emergência a partir dos cenários acidentais identificados nas análises de riscos, Normas e Legislação? | C5: a)Planos de emergência b) estar em conformidade com os requisitos legais e corporativos aplicáveis; c) considerar os recursos e tecnologias disponíveis; d) considerar os impactos sociais, ambientais e econômicos das situações de emergência; e) considerar as necessidades dos públicos de interesse relevantes, tais como serviços de emergência e comunidades; f) incorporar planos para os diferentes níveis de resposta exigidos (local, regional ou nacional); g) planejar os recursos necessários, assim como treinamentos, exercícios simulados, inspeções e auditorias; h) arquivar os documentos gerados de acordo com a Política de Segurança da Informação da empresa; i) gatilhos para sua revisão; j) aprendizado com treinamentos, exercícios simulados e situações reais? | D5: 3 | E5: ✓
A6: 11.1.2 | B6: O modelo de gestão adotado pela empresa marítima é baseado no ICS (Incident Command System)? | C6: Plano de emergência alinhado com o modelo do ICS e registros de simulados/situações reais | D6: 3 | E6: ✓
A7: 11.1.3 | B7: Os componentes da EOR (Estrutura Organizacional de Resposta) da empresa, tanto de base, quanto de bordo, estão devidamente treinados nos planos de resposta à emergência da empresa? | C7: Registros de treinamento Entrevistas com a tripulação Obs.: Não será considerado para atendimento ao requisito, realizações de simulados. Fluxograma de comunicação | D7: 3 | E7: ✓
A8: 11.1.4 | B8: O plano de emergência da empresa (quando em contrato com a Petrobras) está alinhado ao Plano de Suporte à Emergência em Embarcações do cliente (PSE)? | C8: Registros de treinamento Entrevistas com a tripulação Fluxograma de comunicação | D8: 3 | E8: ✓
A9: 11.1.5 | B9: Todas as tripulações estão habilitadas e treinadas para resposta à emergências, para todos os cenários de emergência possíveis de ocorrer a bordo? | C9: Registros de treinamento Entrevistas com a tripulação | D9: 3 | E9: ✓
A10: 11.1.6 | B10: Os planos de emergência da empresa contemplam todas as ações a serem tomadas, para no mínimo os seguintes cenários (mas não limitados a estes): abalroamento, colisão, naufrágio, encalhes alagamento, vazamento, incêndio, emborcamento de botes (resgate e serviço), homem ao mar, acidentes pessoais, acidentes ambientais, emergências médicas, falhas mecânicas, queda de carga, contaminação por alimentos, presença de gases tóxicos, fenômeno de SCCO2, explosão, derivas, dentre outros? | C10: Planos de emergência | D10: 3 | E10: ✓
A11: 11.1.7 | B11: A empresa possui equipe de medicina remota, independente da medicina do trabalho, com atendimento 24 horas, para suporte às embarcações, em casos de necessidade? | C11: Contrato com empresa de tele medicina e registros de atuação. Obs.: não está incluído neste item, atendimentos voltados para medicina do trabalho. | D11: 3 | E11: ✓
A12: 11.1.8 | B12: A empresa possui e realiza o briefing de segurança, contendo orientações mínimas sobre os riscos existentes, sinalizações, atuações em emergência, comunicação, dentre outros? | C12: Lista de presença de briefings, entrevistas com tripulantes e terceiros briefing realizado com a equipe auditora | D12: 3 | E12: ✓
A13: Simulados e Plano de Verificação | D13: =IF(#REF!=COUNTA(A14:A16),Critério!$B$5,SUMPRODUCT(#REF!,#REF!)/SUM(#REF!)) -> #REF!
A14: 11.2.1 | B14: a) Estão definidos cronogramas de exercícios simulados para as hipóteses acidentais de emergência, conforme identificado nos planos de emergência de terra (suporte às emergências offshore) e de bordo? b) Os simulados são realizados de modo a garantir que todos cenários mapeados e sua EOR constante no plano de emergência são contemplados em um período pré-estabelecido coerente com a realidade da empresa? | C14: Cronograma de Simulados Registros dos simulados Obs.: Para atendimento pleno ao requisito, a empresa deve demonstrar que todos os cenários identificados e sua EOR passaram por um simulado. | D14: 3 | E14: ✓
A15: 11.2.2 | B15: A empresa se utiliza de novas tecnologias digitais para a realização de simulados, recolhimento de óleo, vazamentos, outros, que podem estar trazendo benefícios para os processos? | C15: Registros de utilização Verificação dos novos sistemas de engenharia implantados (não solicitados nos contratos da PETROBRAS) | D15: 3 | E15: ✓
A16: 11.2.3 | B16: Os sistemas de detecção, alarmes (audíveis em toda embarcação) e dispositivos de segurança da embarcação estão definidos como críticos e estão operacionais? | C16: Verificação do plano de inspeção e de manutenção preventiva; Constatação visual; Teste do sistema; Registro de comprovação que alarmes são audíveis Certificados de calibração dos sistemas de detecção. | D16: 3 | E16: ✓
A17: Salvatagem | D17: =IF(#REF!=COUNTA(A18),Critério!$B$5,SUMPRODUCT(#REF!,#REF!)/SUM(#REF!)) -> #REF!
A18: 11.3.1 | B18: A embarcação possui: a) Tripulação treinada, pronta para uso imediato em todas as situações em que for designada para atuar? b) Capacidade de colocar o bote resgate na água no tempo especificado pela norma aplicável (Solas cap. III, parte B, regra 14) - 5 minutos? | C18: Constatação durante a operação Registros de treinamento | D18: 3 | E18: ✓

Sheet Elemento 12
A1: ELEMENTO 12 - ANÁLISE DE ACIDENTES E INCIDENTES E TRATAMENTO DE NÃO-CONFORMIDADES
A3: Requisito | B3: Descrição do Requisito | C3: Evidências para atendimento do item | D3: =IF(#REF!=Critério!$B$5,Critério!$B$5,SUM(IF(D4=Critério!$B$5,100%,D4)*SUM(#REF!),IF(D13=Critério!$B$5,100%,D13)*SUM(#REF!)))/#REF! -> #REF! | E3: CNC | F3: Comentários do Auditor
A4: Acidentes, Incidentes, Desvios e Ações Decorrentes | D4: =IF(#REF!=COUNTA(A5:A12),Critério!$B$5,SUMPRODUCT(#REF!,#REF!)/SUM(#REF!)) -> #REF!
A5: 12.1.1 | B5: A empresa possui uma sistemática implementada para registro, classificação, investigação, análise, tratamento e abrangência de eventos não desejados de segurança ocupacional e operacional? | C5: Procedimento contemplando, no mínimo: - descrição do acidente; - graduação do acidente; - composição de equipe de investigação; - qualificação da equipe de investigação; - participação do GSSTB; - de equipes de operação, SMS, manutenção (caso aplicável); - causas imediatas descritas; - causas básicas-raízes descritas; - pelo menos uma ação para cada causa; - ações preventivas-corretivas-abrangência; - as comissões são definidas a partir da classificação da severidade do acidente/potencial do acidente; - desvios; | D5: 3 | E5: ✓
A6: 12.1.2 | B6: A empresa possui e implementou política de estímulo de relato de desvios, incidentes e acidentes junto à força de trabalho e liderança, não tolerando qualquer tipo de subnotificação? | C6: Registro de relatos de desvios e incidentes reportados pela força de trabalho para a base da empresa | D6: 3 | E6: ✓
A7: 12.1.3 | B7: Os participantes das Comissões de Investigação da empresa são devidamente qualificados e treinados em técnicas de investigação de acidentes, incluindo análise de causas raízes e implementação de ações? | C7: Listagem do pessoal envolvido; Registros de treinamento | D7: 3 | E7: ✓
A8: 12.1.4 | B8: A alta liderança da empresa participa ativamente do processo de investigação de acidentes e incidentes, acompanhando os trabalhos da comissão, aprovando a investigação, realizando visitas aos locais do acidente e reforços na prevenção de repetições na frota? | C8: Registros de reuniões, visitas a bordo, mensagens à frota. Obs.: considera-se como alta liderança: CEO, diretores, presidentes, gerentes gerais. | D8: 3 | E8: ✓
A9: 12.1.5 | B9: A empresa possui e implementou técnicas estruturadas de investigação de acidentes, tais como árvore de eventos, árvore de causas, árvore de falhas e leva em consideração os Fatores Humanos constantes no Report 621 da IOGP? | C9: Relatórios com técnicas estruturadas e levando em consideração o Report 621 da IOGP | D9: 3 | E9: ✓
A10: 12.1.6 | B10: a) A empresa possui sistemática de análise de abrangência de acidentes internos e externos, que englobe: recebimento dos informes de acidentes, divulgação, avaliação da abrangência e pertinência das causas e ações de controle, bem como revisão das análises de riscos, planos de manutenção, etc.? | C10: Análise de Abrangência Registros de divulgação Entrevista com a tripulação Registros de alertas internos e externos divulgados | D10: 3 | E10: ✓
A11: 12.1.7 | B11: O pessoal de bordo demonstra conhecer os acidentes ocorridos na embarcação, na empresa e os acidentes graves ocorridos em outras embarcações a serviço da Petrobras ou de outras operadoras ? | C11: Registros de alertas internos e externos divulgados Entrevistas com a tripulação Verificação do conhecimento pela tripulação da importância das ferramentas de bloqueio, e barreiras de prevenção e mitigação, e as consequências de operação com barreiras degradadas (com lacunas, desvios). Conhecimento em DTA, alimento separados e armazenados. | D11: 3 | E11: ✓
A12: 12.1.8 | B12: A empresa possui sistemática de identificação e tratamento dos desvios, sejam eles críticos ou sistêmicos, sendo todos os desvios efetivamente tratados? | C12: Apresentação da sistemática estabelecida Desvios descritos corretamente e tratados Registros com poucos desvios ou desvios em branco, significa sistemática não implementada | D12: 3 | E12: ✓
A13: Não-Conformidades e Ações Decorrentes | D13: =IF(#REF!=COUNTA(A14:A18),Critério!$B$5,SUMPRODUCT(#REF!,#REF!)/SUM(#REF!)) -> #REF!
A14: 12.2.1 | B14: A empresa utiliza sistemática para avaliação da eficácia das ações de tratamento/recomendações a partir dos acidentes/incidentes ocorridos ? | C14: Registros da sistemática aplicada | D14: 3 | E14: ✓
A15: 12.2.2 | B15: As lições aprendidas com incidentes e near-misses são usadas para a prevenção de recorrência de acidentes, sendo divulgada para toda a frota pela liderança? | C15: Visita a bordo; entrevista com força de trabalho; ausência de repetição de incidentes | D15: 3 | E15: ✓
A16: 12.2.3 | B16: A empresa realiza uma análise economico-financeira através dos valores quantificados dos acidentes e paralisações da frota em decorrência de anomalias? | C16: Registros de relatórios, estudos e outros documentos. | D16: 3 | E16: ✓
A17: 12.2.4 | B17: As análises de acidentes e incidentes são discutidos com empresas similares ou associação de empresas? | C17: Registros das análises e reuniões | D17: 3 | E17: ✓
A18: 12.2.5 | B18: A empresa possui sistemática de avaliação da qualidade de investigação de acidentes, incidentes e desvios? | C18: Sistemática em que avalia a qualidade da apuração de acidentes, tais como cumprimento de prazos, correta classificação e redação de eventos-topo/causas imediatas/causas básicas; ações para cada causa básica identificada; plena implementação das recomendações a bordo | D18: 3 | E18: ✓

Sheet Elemento 13
A1: ELEMENTO 13 - PROCESSO DE MELHORIA CONTÍNUA
A3: Requisito | B3: Descrição do Requisito | C3: Evidências para atendimento do item | D3: =IF(#REF!=Critério!$B$5,Critério!$B$5,SUM(IF(D4=Critério!$B$5,100%,D4)*SUM(#REF!),IF(D9=Critério!$B$5,100%,D9)*SUM(#REF!),IF(D13=Critério!$B$5,100%,D13)*SUM(#REF!),IF(D16=Critério!$B$5,100%,D16)*SUM(#REF!),IF(D18=Critério!$B$5,100%,D18)*SUM(#REF!)))/#REF! -> #REF! | E3: CNC | F3: Comentários do Auditor
A4: Inspeções Internas | D4: =IF(#REF!=COUNTA(A5:A8),Critério!$B$5,SUMPRODUCT(#REF!,#REF!)/SUM(#REF!)) -> #REF!
A5: 13.1.1 | B5: A empresa marítima possui sistemática de realizações inspeções internas em sua frota de embarcações, abrangendo verificação de conformidade legal de itens de SMS e normas marítimas/IMCA/IMO, conformidade de manutenções e perfeita operacionalidade dos equipamentos, assim como verificação de cumprimento dos itens requeridos contratualmente? | C5: Procedimentos documentados; Cronograma de inspeções; Evidência de familiarização. | D5: 3 | E5: ✓
A6: 13.1.2 | B6: O formato de inspeção da empresa é ao menos de padrão equivalente às inspeções realizadas pelo cliente e/ou órgãos como OCIMF e a empresa compara as inspeções realizadas pelo cliente/certificadores para melhorar seu processo? | C6: Procedimentos documentados; Relatórios de comparação | D6: 3 | E6: ✓
A7: 13.1.3 | B7: O sistema de inspeções da empresa marítima permite o registro, cadastro e controle das constatações até o tratamento de pendências? | C7: Procedimentos documentados; Relatórios | D7: 3 | E7: ✓
A8: 13.1.4 | B8: A gestão da empresa marítima evidencia que realiza análise dos dados de suas inspeções na frota, comparando desempenho de embarcações, para aprimoramento do nível de serviço das embarcações? | C8: Procedimentos documentados; Relatórios | D8: 3 | E8: ✓
A9: Auditoria Interna | D9: =IF(#REF!=COUNTA(A10:A12),Critério!$B$5,SUMPRODUCT(#REF!,#REF!)/SUM(#REF!)) -> #REF!
A10: 13.2.1 | B10: A empresa marítima possui sistemáticas de auditorias internas periódicas de gestão de SMS estruturadas, baseadas em requisitos da indústria marítima (ex: ISM Code, OCIMF, ISO/OHSAS, PEOTRAM) com devido tratamento/acompanhamento as eventuais não conformidades? | C10: Procedimentos documentados; Relatórios de auditorias; Certificados. | D10: 3 | E10: ✓
A11: 13.2.2 | B11: A empresa marítima possui ou contratou equipe estruturada/qualificada para realização das auditorias internas? | C11: Procedimentos documentados; Planos de auditoria Certificados | D11: 3 | E11: ✓
A12: 13.2.3 | B12: A empresa possui sistemática implementada para tratamento e acompanhamento das não conformidades identificadas durante as auditorias (exemplos: ISO, PEOTRAM, ISM CODE, Organismos Regulamentadores e fiscalizadores) | C12: Planos de ação; Procedimentos documentados; Relatórios; Atas das reuniões de análise crítica; Implementação; Acompanhamento; Abrangências. | D12: 3 | E12: ✓
A13: Objetivos, Metas e Programas | D13: =IF(#REF!=COUNTA(A14:A15),Critério!$B$5,SUMPRODUCT(#REF!,#REF!)/SUM(#REF!)) -> #REF!
A14: 13.3.1 | B14: Foram estabelecidos objetivos, indicadores (reativos e proativos) e metas mensuráveis de SMS, eficiência energética e de segurança operacional, com seus respectivos programas, planos de ação para tratamento de indicadores fora da meta? | C14: Objetivos, metas e programas documentados | D14: 3 | E14: ✓
A15: 13.3.2 | B15: A empresa utiliza métodos de pesquisa de benchmarkings e demonstra procurar boas práticas no mercado, para aprimoramento e implementação em seus processos? | C15: Metodologias utilizadas para o estabelecimento e atualização de indicadores. Registros de benchmarkings. Implementação de melhorias de benchmarkings. | D15: 3 | E15: ✓
A16: Análise Crítica pela Direção | D16: =IF(#REF!=COUNTA(A17),Critério!$B$5,SUMPRODUCT(#REF!,#REF!)/SUM(#REF!)) -> #REF!
A17: 13.4.1 | B17: a) São gerados planos de ação decorrentes da análise crítica? b) As ações estão sendo monitoradas e os prazos estabelecidos estão sendo cumpridos? | C17: Registro de análise crítica; Plano de ação; Acompanhamento dos indicadores reativos e pró-ativos, definidos pelos seus objetivos e metas. | D17: 3 | E17: ✓
A18: Fatores Humanos | D18: =IF(#REF!=COUNTA(A19),Critério!$B$5,SUMPRODUCT(#REF!,#REF!)/SUM(#REF!)) -> #REF!
A19: 13.5.1 | B19: a) A alta direção da empresa realiza uma análise crítica do Programa de Fatores Humanos implementado na empresa? b) Está sendo atendido as dimensões voltadas a Tecnologia, Ambiental, Organizacional e Individual ? c) Os treinamentos realizados sobre Fatores Humanos estão adequados e atingindo seus objetivos ? d) Estão sendo implementadas melhorias no processo a partir das análises realizadas ? | C19: Programa implementado; Treinamentos realizados; | D19: 3 | E19: ✓
